qid,source,bf,q,gt_docs,gt_chunks,gt_n,rank,hit1,hit3,t1,t1s,t2,t2s,t3,t3s,gt_prev,t1p
1,representative,예금자보호제도,예금자 보호 한도는 얼마인가요?,kdic-www-sp-dpstrprot-ProtSystProtLmts-selectScrn;kdic-www-sp-dpstrprot-ProtSystFaq-selectScrn,kdic-www-sp-dpstrprot-ProtSystProtLmts-selectScrn#00;kdic-www-sp-dpstrprot-ProtSystProtLmts-selectScrn#01;kdic-www-sp-dpstrprot-ProtSystFaq-selectScrn#00,19,1,1,1,kdic-www-sp-dpstrprot-ProtSystFaq-selectScrn#09,0.0302,kdic-www-sp-dpstrprot-ProtSystProtLmts-selectScrn#00,0.0301,kdic-www-sp-dpstrprot-ProtSystFaq-selectScrn#15,0.029,예금자보호제도는 다수의 소액예금자를 우선 보호하고 부실 금융회사를 선택한 예금자도 일정부분 책임을 분담한다는 차원에서 예금의 전액을 보호하지 않고 일정액만을 보호,"질문 한 금융회사에 여러 개의 예·적금 계좌를 보유하고 있는 경우, 어떻게 보호되나요? 답변 예금자가 하나의 금융회사에 보유하"
2,representative,예금보험금 안내,예금보험금은 어떻게 신청하나요?,kdic-www-sp-dpstrprot-DpsmIbamtAplyProc-selectScrn;kdic-www-sp-dpstrprot-DpsmIbamtAplyPossDcmnt-selectScrn;kdic-www-sp-dpstrprot-DpsmIbamtExpln-selectScrn,kdic-www-sp-dpstrprot-DpsmIbamtExpln-selectScrn#00;kdic-www-sp-dpstrprot-DpsmIbamtExpln-selectScrn#01;kdic-www-sp-dpstrprot-DpsmIbamtExpln-selectScrn#02,10,1,1,1,kdic-www-sp-dpstrprot-DpsmIbamtExpln-selectScrn#02,0.0328,kdic-www-sp-dpstrprot-DpsmIbamtExpln-selectScrn#01,0.0318,kdic-www-sp-dpstrprot-DpsmIbamtExpln-selectScrn#00,0.031,"예금보험에 가입한 금융회사가 예금의 지급정지, 영업 인 · 허가의 취소, 해산 또는 파산 등으로 고객의 예금을 지급할 수 없게 되는 경우를 “보험사고’라 하며, ","예금보험금은 아래의 공사 공시이율과 약정이율 중 낮은 금리를 적용 ※ 은행·저축은행·종합금융업 : 2.27% , 투자매매·투자"
3,representative,고객 미수령금 신청,고객 미수령금은 어떻게 조회하고 신청하나요?,kdic-www-sp-dpstrprot-ProtSystNramtInqAplyNramtGudn-selectScrn;kdic-fins-ua-aplygudn-NramtItgrAplyItrdMthdGudn-selectScrn,kdic-www-sp-dpstrprot-ProtSystNramtInqAplyNramtGudn-selectScrn#00,1,2,0,1,kdic-www-sp-dpstrprot-ProtSystHrpeHistInq-selectScrn#01,0.0323,kdic-www-sp-dpstrprot-ProtSystNramtInqAplyNramtGudn-selectScrn#00,0.032,kdic-www-sp-dpstrprot-ProtSystHrpeHistInq-selectScrn#00,0.0302,"예금보험공사는 부실화된 금융회사의 예금자등이 찾아가지 아니한 금액을 고객 미수령금으로 분류하여 통합 관리하고 있으며, 지속적인 홍보 및 안내를 통한 적극적인 미수","센터 민원실에서도 접수 가능(단,사망일이 속한 달의 말일로부터 6개월 이내에만 신청이 가능) 자세한 사항은 금융감독원 홈페이지"
4,representative,착오송금 반환 신청,착오송금 반환은 어떤 경우에 신청할 수 있나요?,kdic-www-sp-kmrs-kmrsItrdAplyTrgt-selectScrn;kdic-www-sp-kmrs-kmrsItrd-selectScrn;kdic-fins-ir-msdrpr-MsdrprAttnMttr-selectScrn;kdic-fins-cm-bbs-selectFaqMsdrGvbkAply,kdic-www-sp-kmrs-kmrsItrd-selectScrn#00;kdic-www-sp-kmrs-kmrsItrdAplyTrgt-selectScrn#00,2,1,1,1,kdic-www-sp-kmrs-kmrsItrdAplyTrgt-selectScrn#00,0.0325,kdic-www-sp-kmrs-kmrsItrdProc-selectScrn#00,0.0325,kdic-www-sp-kmrs-kmrsItrd-selectScrn#00,0.0317,제도 소개 안내영상 영상내용입니다. 제도 소개 안내영상입니다. 잘못 보낸 돈 되찾기 서비스란 착오송금인이 실수로 잘못 보낸 돈을 최소한의 비용으로 빠르게 되찾을 ,신청 가능한 착오송금 금액 한도가 있나요? 신청 가능 한도는 착오송금 건당 5만원 이상 ~ 1억원 이하 입니다. 언제까지 신청
5,representative,채무조정 안내,신용회복 지원은 어떻게 받나요?,kdic-www-rb-lbltajmt-LbltAjmtSprtCredRcvrySprt-selectScrn,kdic-www-rb-lbltajmt-LbltAjmtSprtCredRcvrySprt-selectScrn#00;kdic-www-rb-lbltajmt-LbltAjmtSprtCredRcvrySprt-selectScrn#01;kdic-www-rb-lbltajmt-LbltAjmtSprtCredRcvrySprt-selectScrn#02,6,1,1,1,kdic-www-rb-lbltajmt-LbltAjmtSprtCredRcvrySprt-selectScrn#00,0.0325,kdic-www-rb-lbltajmt-LbltAjmtSprtCredRcvrySprt-selectScrn#01,0.032,kdic-www-rb-lbltajmt-LbltAjmtSprtPsnRg-selectScrn#03,0.031,개인신용회복지원제도란 개인 및 개인사업자 중 협약 등에서 구성하는 일정요건을 갖춘 채무자를 대상으로 신용불량에 따른 파산을 방지하고 그 경제적 회생기회를 도모하기,개인신용회복지원제도란 개인 및 개인사업자 중 협약 등에서 구성하는 일정요건을 갖춘 채무자를 대상으로 신용불량에 따른 파산을 방
6,representative,은닉재산 신고,은닉재산 신고 포상금은 얼마인가요?,kdic-www-sp-sprtfund-SprtFndCncmDclrGudn-selectScrn;kdic-www-sp-sprtfund-SprtFndCncmDclrFaq-selectScrn,kdic-www-sp-sprtfund-SprtFndCncmDclrGudn-selectScrn#00;kdic-www-sp-sprtfund-SprtFndCncmDclrGudn-selectScrn#01;kdic-www-sp-sprtfund-SprtFndCncmDclrGudn-selectScrn#02,17,1,1,1,kdic-www-sp-sprtfund-SprtFndCncmDclrFaq-selectScrn#10,0.0325,kdic-www-sp-sprtfund-SprtFndCncmDclrGudn-selectScrn#00,0.032,kdic-www-sp-sprtfund-SprtFndCncmDclrFaq-selectScrn#02,0.0315,은닉재산 신고 일반 국민이 금융부실관련자 1 아래 도움말 참조 의 은닉재산 2 아래 도움말 참조 정보를 쉽고 편리하게 신고하도록 하기 위하여 공사 내 은닉재산 신,"질문 은닉재산신고 포상제도는 어떻게 되나요? 답변 포상금 지급 기준 회수기여금액, 포상금 항목으로 구성된 포상금 지급 기준표 "
7,faq,예금자보호제도,예금보호한도 1억원은 언제부터 적용되었나요?,kdic-www-sp-dpstrprot-ProtSystFaq-selectScrn,kdic-www-sp-dpstrprot-ProtSystFaq-selectScrn#00;kdic-www-sp-dpstrprot-ProtSystFaq-selectScrn#01;kdic-www-sp-dpstrprot-ProtSystFaq-selectScrn#02,17,1,1,1,kdic-www-sp-dpstrprot-ProtSystFaq-selectScrn#00,0.0328,kdic-www-sp-dpstrprot-ProtSystFaq-selectScrn#11,0.0313,kdic-www-sp-dpstrprot-ProtSystFaq-selectScrn#05,0.0311,"질문 예금보호한도 1억원은 언제부터 적용되었나요? 답변 2025년 9월 1일부터 예금보호한도 1억원이 적용되고 있습니다. 예금 가입시점에 상관없이, ’25.9.1",질문 예금보호한도 1억원은 언제부터 적용되었나요? 답변 2025년 9월 1일부터 예금보호한도 1억원이 적용되고 있습니다. 예금
8,faq,예금자보호제도,1억원을 보호 받기 위해 별도로 신청을 해야 하나요?,kdic-www-sp-dpstrprot-ProtSystFaq-selectScrn,kdic-www-sp-dpstrprot-ProtSystFaq-selectScrn#00;kdic-www-sp-dpstrprot-ProtSystFaq-selectScrn#01;kdic-www-sp-dpstrprot-ProtSystFaq-selectScrn#02,17,1,1,1,kdic-www-sp-dpstrprot-ProtSystFaq-selectScrn#11,0.0325,kdic-www-sp-dpstrprot-ProtSystFaq-selectScrn#01,0.0325,kdic-www-sp-dpstrprot-ProtSystFaq-selectScrn#06,0.0312,"질문 예금보호한도 1억원은 언제부터 적용되었나요? 답변 2025년 9월 1일부터 예금보호한도 1억원이 적용되고 있습니다. 예금 가입시점에 상관없이, ’25.9.1","질문 퇴직연금, 연금저축, 사고보험금에 대한 별도보호한도 1억원은 어떻게 적용되나요? 답변 ※ 별도 보호한도란? 국민의 노후 "
9,faq,예금자보호제도,어떤 금융회사의 예금이 보호되나요?,kdic-www-sp-dpstrprot-ProtSystFaq-selectScrn;kdic-www-sp-dpstrprot-selectProtSystProtSumr,kdic-www-sp-dpstrprot-selectProtSystProtSumr#00;kdic-www-sp-dpstrprot-selectProtSystProtSumr#01;kdic-www-sp-dpstrprot-selectProtSystProtSumr#02,20,1,1,1,kdic-www-sp-dpstrprot-ProtSystFaq-selectScrn#02,0.032,kdic-www-sp-dpstrprot-ProtSystFaq-selectScrn#03,0.0313,kdic-www-sp-dpstrprot-ProtSystFaq-selectScrn#10,0.0298,"보호대상 금융회사는 은행, 보험회사(생명보험·손해보험회사), 투자매매업자·투자중개업자*, 종합금융회사, 상호저축은행 입니다. * 「자본시장과 금융투자업에 관한 법",질문 어떤 금융회사의 예금이 보호되나요? 답변 ☞ 예금보험공사 홈페이지 > 제도·정책 > 예금자보호제도 > 보호대상 > 금융회
10,faq,예금자보호제도,어떤 금융상품이 보호되나요?,kdic-www-sp-dpstrprot-ProtSystFaq-selectScrn;kdic-www-sp-dpstrprot-selectProtSystProtTrgtPrdctSumr,kdic-www-sp-dpstrprot-selectProtSystProtTrgtPrdctSumr#00;kdic-www-sp-dpstrprot-selectProtSystProtTrgtPrdctSumr#01;kdic-www-sp-dpstrprot-selectProtSystProtTrgtPrdctSumr#02,27,1,1,1,kdic-www-sp-dpstrprot-ProtSystFaq-selectScrn#03,0.0323,kdic-www-sp-dpstrprot-ProtSystFaq-selectScrn#04,0.031,kdic-www-sp-dpstrprot-ProtSystProtGudn-selectScrn#00,0.03,예금보험공사는 예금보험 가입 금융회사가 취급하는 '예금' 등 만을 보호합니다. 그런데 여기서 꼭 알아두어야 할 점은 모든 금융상품이 보호대상 '예금' 등에 해당하,질문 어떤 금융상품이 보호되나요? 답변 ☞ 예금보험공사 홈페이지 > 제도·정책 > 예금자보호제도 > 보호대상 > 금융상품 보호
11,faq,예금자보호제도,어떤 금융상품이 보호되지 않나요?,kdic-www-sp-dpstrprot-ProtSystFaq-selectScrn;kdic-www-sp-dpstrprot-selectProtSystProtTrgtPrdctSumr,kdic-www-sp-dpstrprot-selectProtSystProtTrgtPrdctSumr#00;kdic-www-sp-dpstrprot-selectProtSystProtTrgtPrdctSumr#01;kdic-www-sp-dpstrprot-selectProtSystProtTrgtPrdctSumr#02,27,1,1,1,kdic-www-sp-dpstrprot-selectProtSystProtTrgtPrdctSumr#00,0.0325,kdic-www-sp-dpstrprot-ProtSystFaq-selectScrn#04,0.032,kdic-www-sp-dpstrprot-ProtSystFaq-selectScrn#03,0.0306,예금보험공사는 예금보험 가입 금융회사가 취급하는 '예금' 등 만을 보호합니다. 그런데 여기서 꼭 알아두어야 할 점은 모든 금융상품이 보호대상 '예금' 등에 해당하,예금보험공사는 예금보험 가입 금융회사가 취급하는 '예금' 등 만을 보호합니다. 그런데 여기서 꼭 알아두어야 할 점은 모든 금융
12,faq,예금자보호제도,외화예금도 보호되나요?,kdic-www-sp-dpstrprot-ProtSystFaq-selectScrn,kdic-www-sp-dpstrprot-ProtSystFaq-selectScrn#00;kdic-www-sp-dpstrprot-ProtSystFaq-selectScrn#01;kdic-www-sp-dpstrprot-ProtSystFaq-selectScrn#02,17,1,1,1,kdic-www-sp-dpstrprot-ProtSystFaq-selectScrn#05,0.0328,kdic-www-sp-dpstrprot-selectProtSystProtTrgtPrdctSumr#01,0.0315,kdic-www-sp-dpstrprot-ProtSystFaq-selectScrn#03,0.0315,"질문 예금보호한도 1억원은 언제부터 적용되었나요? 답변 2025년 9월 1일부터 예금보호한도 1억원이 적용되고 있습니다. 예금 가입시점에 상관없이, ’25.9.1",질문 외화예금도 보호되나요? 답변 네. 외화예금도 1억원까지 보호됩니다. ※ 예금보험금 지급공고일 기준 당해 금융회사의 최초 
13,faq,예금자보호제도,보험계약은 어떻게 보호되나요?,kdic-www-sp-dpstrprot-ProtSystFaq-selectScrn,kdic-www-sp-dpstrprot-ProtSystFaq-selectScrn#00;kdic-www-sp-dpstrprot-ProtSystFaq-selectScrn#01;kdic-www-sp-dpstrprot-ProtSystFaq-selectScrn#02,17,1,1,1,kdic-www-sp-dpstrprot-ProtSystFaq-selectScrn#06,0.0323,kdic-www-sp-dpstrprot-ProtSystFaq-selectScrn#03,0.031,kdic-www-sp-dpstrprot-ProtSystProtGudn-selectScrn#01,0.0306,"질문 예금보호한도 1억원은 언제부터 적용되었나요? 답변 2025년 9월 1일부터 예금보호한도 1억원이 적용되고 있습니다. 예금 가입시점에 상관없이, ’25.9.1","질문 보험계약은 어떻게 보호되나요? 답변 예금보험금을 지급하는 시점에 보험약관에서 정한 보험사고가 발생하지 않았다면, 해약환급"
14,faq,예금자보호제도,금융회사에 어떤 일이 발생했을 때 예금보험공사가 1억원까지 보호하나요?,kdic-www-sp-dpstrprot-ProtSystFaq-selectScrn,kdic-www-sp-dpstrprot-ProtSystFaq-selectScrn#00;kdic-www-sp-dpstrprot-ProtSystFaq-selectScrn#01;kdic-www-sp-dpstrprot-ProtSystFaq-selectScrn#02,17,1,1,1,kdic-www-sp-dpstrprot-ProtSystFaq-selectScrn#07,0.0328,kdic-www-sp-dpstrprot-ProtSystFaq-selectScrn#05,0.0315,kdic-www-sp-dpstrprot-ProtSystProtLmts-selectScrn#00,0.0305,"질문 예금보호한도 1억원은 언제부터 적용되었나요? 답변 2025년 9월 1일부터 예금보호한도 1억원이 적용되고 있습니다. 예금 가입시점에 상관없이, ’25.9.1",질문 금융회사에 어떤 일이 발생했을 때 예금보험공사가 1억원까지 보호하나요? 답변 금융회사가 2025년 9월 1일 이후 영업정
15,faq,예금자보호제도,원금뿐만 아니라 이자도 보호되나요?,kdic-www-sp-dpstrprot-ProtSystFaq-selectScrn;kdic-www-sp-dpstrprot-ProtSystProtLmts-selectScrn,kdic-www-sp-dpstrprot-ProtSystProtLmts-selectScrn#00;kdic-www-sp-dpstrprot-ProtSystProtLmts-selectScrn#01;kdic-www-sp-dpstrprot-ProtSystFaq-selectScrn#00,19,1,1,1,kdic-www-sp-dpstrprot-ProtSystFaq-selectScrn#08,0.0328,kdic-www-sp-dpstrprot-ProtSystFaq-selectScrn#10,0.0308,kdic-www-sp-dpstrprot-ProtSystFaq-selectScrn#09,0.0308,예금자보호제도는 다수의 소액예금자를 우선 보호하고 부실 금융회사를 선택한 예금자도 일정부분 책임을 분담한다는 차원에서 예금의 전액을 보호하지 않고 일정액만을 보호,"질문 원금뿐만 아니라 이자도 보호되나요? 답변 은행·저축은행 예·적금의 경우, 예·적금 원금과 이자를 합쳐 1억원까지 보호됩니"
16,faq,예금자보호제도,"한 금융회사에 여러 개의 예·적금 계좌를 보유하고 있는 경우, 어떻게 보호되나요?",kdic-www-sp-dpstrprot-ProtSystFaq-selectScrn,kdic-www-sp-dpstrprot-ProtSystFaq-selectScrn#00;kdic-www-sp-dpstrprot-ProtSystFaq-selectScrn#01;kdic-www-sp-dpstrprot-ProtSystFaq-selectScrn#02,17,1,1,1,kdic-www-sp-dpstrprot-ProtSystFaq-selectScrn#10,0.0325,kdic-www-sp-dpstrprot-ProtSystFaq-selectScrn#09,0.0325,kdic-www-sp-dpstrprot-ProtSystFaq-selectScrn#03,0.0317,"질문 예금보호한도 1억원은 언제부터 적용되었나요? 답변 2025년 9월 1일부터 예금보호한도 1억원이 적용되고 있습니다. 예금 가입시점에 상관없이, ’25.9.1","질문 서로 다른 금융회사에 각각 예·적금 계좌를 보유하고 있는 경우, 어떻게 보호되나요? 답변 서로 다른 금융회사에 가입한 예"
17,faq,예금자보호제도,"서로 다른 금융회사에 각각 예·적금 계좌를 보유하고 있는 경우, 어떻게 보호되나요?",kdic-www-sp-dpstrprot-ProtSystFaq-selectScrn,kdic-www-sp-dpstrprot-ProtSystFaq-selectScrn#00;kdic-www-sp-dpstrprot-ProtSystFaq-selectScrn#01;kdic-www-sp-dpstrprot-ProtSystFaq-selectScrn#02,17,1,1,1,kdic-www-sp-dpstrprot-ProtSystFaq-selectScrn#10,0.0328,kdic-www-sp-dpstrprot-ProtSystFaq-selectScrn#11,0.0312,kdic-www-sp-dpstrprot-ProtSystFaq-selectScrn#03,0.031,"질문 예금보호한도 1억원은 언제부터 적용되었나요? 답변 2025년 9월 1일부터 예금보호한도 1억원이 적용되고 있습니다. 예금 가입시점에 상관없이, ’25.9.1","질문 서로 다른 금융회사에 각각 예·적금 계좌를 보유하고 있는 경우, 어떻게 보호되나요? 답변 서로 다른 금융회사에 가입한 예"
18,faq,예금자보호제도,"퇴직연금, 연금저축, 사고보험금에 대한 별도보호한도 1억원은 어떻게 적용되나요?",kdic-www-sp-dpstrprot-ProtSystFaq-selectScrn;kdic-www-sp-dpstrprot-ProtSystProtLmts-selectScrn,kdic-www-sp-dpstrprot-ProtSystProtLmts-selectScrn#00;kdic-www-sp-dpstrprot-ProtSystProtLmts-selectScrn#01;kdic-www-sp-dpstrprot-ProtSystFaq-selectScrn#00,19,1,1,1,kdic-www-sp-dpstrprot-ProtSystFaq-selectScrn#11,0.0328,kdic-www-sp-dpstrprot-ProtSystProtLmts-selectScrn#01,0.0315,kdic-www-sp-dpstrprot-ProtSystProtLmts-selectScrn#00,0.031,예금자보호제도는 다수의 소액예금자를 우선 보호하고 부실 금융회사를 선택한 예금자도 일정부분 책임을 분담한다는 차원에서 예금의 전액을 보호하지 않고 일정액만을 보호,"질문 퇴직연금, 연금저축, 사고보험금에 대한 별도보호한도 1억원은 어떻게 적용되나요? 답변 ※ 별도 보호한도란? 국민의 노후 "
19,faq,예금자보호제도,법인의 예금도 보호되나요?,kdic-www-sp-dpstrprot-ProtSystFaq-selectScrn,kdic-www-sp-dpstrprot-ProtSystFaq-selectScrn#00;kdic-www-sp-dpstrprot-ProtSystFaq-selectScrn#01;kdic-www-sp-dpstrprot-ProtSystFaq-selectScrn#02,17,1,1,1,kdic-www-sp-dpstrprot-ProtSystFaq-selectScrn#12,0.0328,kdic-www-sp-dpstrprot-ProtSystFaq-selectScrn#03,0.03,kdic-www-sp-dpstrprot-ProtSystProtLmts-selectScrn#01,0.0294,"질문 예금보호한도 1억원은 언제부터 적용되었나요? 답변 2025년 9월 1일부터 예금보호한도 1억원이 적용되고 있습니다. 예금 가입시점에 상관없이, ’25.9.1","질문 법인의 예금도 보호되나요? 답변 네. 기업 등 법인의 예금도 개인예금과 마찬가지로 법인별 1억원까지 보호됩니다. 다만, "
20,faq,예금자보호제도,예금보호한도 1억원은 세전인가요 아니면 세후인가요?,kdic-www-sp-dpstrprot-ProtSystFaq-selectScrn,kdic-www-sp-dpstrprot-ProtSystFaq-selectScrn#00;kdic-www-sp-dpstrprot-ProtSystFaq-selectScrn#01;kdic-www-sp-dpstrprot-ProtSystFaq-selectScrn#02,17,1,1,1,kdic-www-sp-dpstrprot-ProtSystFaq-selectScrn#13,0.0328,kdic-www-sp-dpstrprot-ProtSystFaq-selectScrn#00,0.032,kdic-www-sp-dpstrprot-ProtSystFaq-selectScrn#11,0.031,"질문 예금보호한도 1억원은 언제부터 적용되었나요? 답변 2025년 9월 1일부터 예금보호한도 1억원이 적용되고 있습니다. 예금 가입시점에 상관없이, ’25.9.1",질문 예금보호한도 1억원은 세전인가요 아니면 세후인가요? 답변 예금보험금 지급은 세전 기준으로 적용됩니다. 예금보험금을 수령한
21,faq,예금자보호제도,예금액 중에서 예금보호한도 1억원을 넘는 부분은 전혀 돌려 받지 못하나요?,kdic-www-sp-dpstrprot-ProtSystFaq-selectScrn;kdic-www-sp-dpstrprot-ProtSystProtLmts-selectScrn,kdic-www-sp-dpstrprot-ProtSystProtLmts-selectScrn#00;kdic-www-sp-dpstrprot-ProtSystProtLmts-selectScrn#01;kdic-www-sp-dpstrprot-ProtSystFaq-selectScrn#00,19,1,1,1,kdic-www-sp-dpstrprot-ProtSystFaq-selectScrn#15,0.0328,kdic-www-sp-dpstrprot-ProtSystProtLmts-selectScrn#00,0.031,kdic-www-sp-dpstrprot-ProtSystFaq-selectScrn#13,0.03,예금자보호제도는 다수의 소액예금자를 우선 보호하고 부실 금융회사를 선택한 예금자도 일정부분 책임을 분담한다는 차원에서 예금의 전액을 보호하지 않고 일정액만을 보호,질문 예금액 중에서 예금보호한도 1억원을 넘는 부분은 전혀 돌려 받지 못하나요? 답변 예금보호한도 1억원을 초과하는 금액은 예
22,faq,예금자보호제도,부보금융회사가 합병되는 경우 예금보호한도는 어떻게 적용되나요?,kdic-www-sp-dpstrprot-ProtSystFaq-selectScrn,kdic-www-sp-dpstrprot-ProtSystFaq-selectScrn#00;kdic-www-sp-dpstrprot-ProtSystFaq-selectScrn#01;kdic-www-sp-dpstrprot-ProtSystFaq-selectScrn#02,17,1,1,1,kdic-www-sp-dpstrprot-ProtSystFaq-selectScrn#16,0.0328,kdic-www-sp-dpstrprot-ProtSystFaq-selectScrn#14,0.0311,kdic-www-sp-dpstrprot-ProtSystFaq-selectScrn#12,0.0306,"질문 예금보호한도 1억원은 언제부터 적용되었나요? 답변 2025년 9월 1일부터 예금보호한도 1억원이 적용되고 있습니다. 예금 가입시점에 상관없이, ’25.9.1","질문 부보금융회사가 합병되는 경우 예금보호한도는 어떻게 적용되나요? 답변 부보금융회사가 합병되는 경우에 신설, 존속, 소멸하는"
23,faq,은닉재산 신고,부실관련자란 누구를 말하나요?,kdic-www-sp-sprtfund-SprtFndCncmDclrFaq-selectScrn,kdic-www-sp-sprtfund-SprtFndCncmDclrFaq-selectScrn#00;kdic-www-sp-sprtfund-SprtFndCncmDclrFaq-selectScrn#01;kdic-www-sp-sprtfund-SprtFndCncmDclrFaq-selectScrn#02,12,1,1,1,kdic-www-sp-sprtfund-SprtFndCncmDclrFaq-selectScrn#00,0.0328,kdic-www-sp-sprtfund-SprtFndCncmDclrFaq-selectScrn#09,0.032,kdic-www-sp-sprtfund-SprtFndCncmDclrFaq-selectScrn#01,0.032,질문 부실관련자란 누구를 말하나요? 답변 부실관련자란 금융회사 부실을 초래하여 공적자금 및 예금보험기금 투입을 유발한 금융회사 전 · 현직 임직원 및 금융회사에 ,질문 부실관련자란 누구를 말하나요? 답변 부실관련자란 금융회사 부실을 초래하여 공적자금 및 예금보험기금 투입을 유발한 금융회사
24,faq,은닉재산 신고,은닉재산이란 구체적으로 무엇을 말하나요?,kdic-www-sp-sprtfund-SprtFndCncmDclrFaq-selectScrn,kdic-www-sp-sprtfund-SprtFndCncmDclrFaq-selectScrn#00;kdic-www-sp-sprtfund-SprtFndCncmDclrFaq-selectScrn#01;kdic-www-sp-sprtfund-SprtFndCncmDclrFaq-selectScrn#02,12,1,1,1,kdic-www-sp-sprtfund-SprtFndCncmDclrFaq-selectScrn#01,0.0328,kdic-www-sp-sprtfund-SprtFndCncmDclrGudn-selectScrn#00,0.0318,kdic-www-sp-sprtfund-SprtFndCncmDclrFaq-selectScrn#03,0.0313,질문 부실관련자란 누구를 말하나요? 답변 부실관련자란 금융회사 부실을 초래하여 공적자금 및 예금보험기금 투입을 유발한 금융회사 전 · 현직 임직원 및 금융회사에 ,질문 은닉재산이란 구체적으로 무엇을 말하나요? 답변 은닉재산이란 금융부실관련자의 재산으로서 국내 또는 해외에 은닉한 동산 · 
25,faq,은닉재산 신고,은닉재산 신고정보의 처리 절차는 어떻게 되나요?,kdic-www-sp-sprtfund-SprtFndCncmDclrFaq-selectScrn,kdic-www-sp-sprtfund-SprtFndCncmDclrFaq-selectScrn#00;kdic-www-sp-sprtfund-SprtFndCncmDclrFaq-selectScrn#01;kdic-www-sp-sprtfund-SprtFndCncmDclrFaq-selectScrn#02,12,1,1,1,kdic-www-sp-sprtfund-SprtFndCncmDclrFaq-selectScrn#02,0.0323,kdic-www-sp-sprtfund-SprtCncmDclrInqGudn-selectScrn#00,0.032,kdic-www-sp-sprtfund-SprtFndCncmDclrFaq-selectScrn#05,0.032,질문 부실관련자란 누구를 말하나요? 답변 부실관련자란 금융회사 부실을 초래하여 공적자금 및 예금보험기금 투입을 유발한 금융회사 전 · 현직 임직원 및 금융회사에 ,질문 은닉재산 신고정보의 처리 절차는 어떻게 되나요? 답변 신고센터에 접수된 신고정보는 신고대상자가 부실관련자인지 여부를 확인
26,faq,은닉재산 신고,은닉재산은 일정금액(재산가치) 이상이 되어야 신고가 가능한가요?,kdic-www-sp-sprtfund-SprtFndCncmDclrFaq-selectScrn,kdic-www-sp-sprtfund-SprtFndCncmDclrFaq-selectScrn#00;kdic-www-sp-sprtfund-SprtFndCncmDclrFaq-selectScrn#01;kdic-www-sp-sprtfund-SprtFndCncmDclrFaq-selectScrn#02,12,1,1,1,kdic-www-sp-sprtfund-SprtFndCncmDclrFaq-selectScrn#03,0.0328,kdic-www-sp-sprtfund-SprtFndCncmDclrFaq-selectScrn#10,0.032,kdic-www-sp-sprtfund-SprtFndCncmDclrFaq-selectScrn#05,0.0303,질문 부실관련자란 누구를 말하나요? 답변 부실관련자란 금융회사 부실을 초래하여 공적자금 및 예금보험기금 투입을 유발한 금융회사 전 · 현직 임직원 및 금융회사에 ,질문 은닉재산은 일정금액(재산가치) 이상이 되어야 신고가 가능한가요? 답변 은닉재산은 금액에 관계없이 신고가 가능합니다.
27,faq,은닉재산 신고,이미 접수한 정보와 동일한 정보를 제3자가 신고하는 경우에 신고 정보의 처리절차는 어떻게 되나요?,kdic-www-sp-sprtfund-SprtFndCncmDclrFaq-selectScrn,kdic-www-sp-sprtfund-SprtFndCncmDclrFaq-selectScrn#00;kdic-www-sp-sprtfund-SprtFndCncmDclrFaq-selectScrn#01;kdic-www-sp-sprtfund-SprtFndCncmDclrFaq-selectScrn#02,12,1,1,1,kdic-www-sp-sprtfund-SprtFndCncmDclrFaq-selectScrn#04,0.0328,kdic-www-sp-sprtfund-SprtFndCncmDclrFaq-selectScrn#02,0.032,kdic-www-sp-sprtfund-SprtFndCncmDclrFaq-selectScrn#05,0.0315,질문 부실관련자란 누구를 말하나요? 답변 부실관련자란 금융회사 부실을 초래하여 공적자금 및 예금보험기금 투입을 유발한 금융회사 전 · 현직 임직원 및 금융회사에 ,질문 이미 접수한 정보와 동일한 정보를 제3자가 신고하는 경우에 신고 정보의 처리절차는 어떻게 되나요? 답변 이미 접수된 정보
28,faq,은닉재산 신고,은닉재산 신고시 신고정보의 취득경위까지도 신고센터에 알려주어야 하나요?,kdic-www-sp-sprtfund-SprtFndCncmDclrFaq-selectScrn,kdic-www-sp-sprtfund-SprtFndCncmDclrFaq-selectScrn#00;kdic-www-sp-sprtfund-SprtFndCncmDclrFaq-selectScrn#01;kdic-www-sp-sprtfund-SprtFndCncmDclrFaq-selectScrn#02,12,1,1,1,kdic-www-sp-sprtfund-SprtFndCncmDclrFaq-selectScrn#05,0.0328,kdic-www-sp-sprtfund-SprtFndCncmDclrFaq-selectScrn#02,0.032,kdic-www-sp-sprtfund-SprtCncmDclrInqGudn-selectScrn#00,0.0308,질문 부실관련자란 누구를 말하나요? 답변 부실관련자란 금융회사 부실을 초래하여 공적자금 및 예금보험기금 투입을 유발한 금융회사 전 · 현직 임직원 및 금융회사에 ,질문 은닉재산 신고시 신고정보의 취득경위까지도 신고센터에 알려주어야 하나요? 답변 신고시 취득경위까지 반드시 알려주어야 할 의
29,faq,은닉재산 신고,재외국민이나 외국인도 신고할 수 있나요?,kdic-www-sp-sprtfund-SprtFndCncmDclrFaq-selectScrn,kdic-www-sp-sprtfund-SprtFndCncmDclrFaq-selectScrn#00;kdic-www-sp-sprtfund-SprtFndCncmDclrFaq-selectScrn#01;kdic-www-sp-sprtfund-SprtFndCncmDclrFaq-selectScrn#02,12,1,1,1,kdic-www-sp-sprtfund-SprtFndCncmDclrFaq-selectScrn#06,0.0328,kdic-www-sp-sprtfund-SprtFndCncmDclrFaq-selectScrn#08,0.031,kdic-www-sp-sprtfund-SprtCncmDclrInqGudn-selectScrn#00,0.031,질문 부실관련자란 누구를 말하나요? 답변 부실관련자란 금융회사 부실을 초래하여 공적자금 및 예금보험기금 투입을 유발한 금융회사 전 · 현직 임직원 및 금융회사에 ,질문 재외국민이나 외국인도 신고할 수 있나요? 답변 신고자에 대한 제한이 없으므로 재외국민이나 외국인도 신고할 수 있습니다. 
30,faq,은닉재산 신고,신고자의 신상정보와 신고내용은 비밀이 보장되나요?,kdic-www-sp-sprtfund-SprtFndCncmDclrFaq-selectScrn,kdic-www-sp-sprtfund-SprtFndCncmDclrFaq-selectScrn#00;kdic-www-sp-sprtfund-SprtFndCncmDclrFaq-selectScrn#01;kdic-www-sp-sprtfund-SprtFndCncmDclrFaq-selectScrn#02,12,1,1,1,kdic-www-sp-sprtfund-SprtFndCncmDclrFaq-selectScrn#07,0.0328,kdic-www-sp-sprtfund-SprtFndCncmDclrFaq-selectScrn#02,0.032,kdic-www-sp-sprtfund-SprtFndCncmDclrFaq-selectScrn#08,0.0318,질문 부실관련자란 누구를 말하나요? 답변 부실관련자란 금융회사 부실을 초래하여 공적자금 및 예금보험기금 투입을 유발한 금융회사 전 · 현직 임직원 및 금융회사에 ,질문 신고자의 신상정보와 신고내용은 비밀이 보장되나요? 답변 신고자의 신상정보와 신고내용은 신고자 본인의사에 반하여 공개되지 
31,faq,은닉재산 신고,익명이나 가명으로 신고하는 것도 가능한가요?,kdic-www-sp-sprtfund-SprtFndCncmDclrFaq-selectScrn,kdic-www-sp-sprtfund-SprtFndCncmDclrFaq-selectScrn#00;kdic-www-sp-sprtfund-SprtFndCncmDclrFaq-selectScrn#01;kdic-www-sp-sprtfund-SprtFndCncmDclrFaq-selectScrn#02,12,1,1,1,kdic-www-sp-sprtfund-SprtFndCncmDclrFaq-selectScrn#08,0.0328,kdic-www-sp-sprtfund-SprtFndCncmDclrFaq-selectScrn#02,0.0318,kdic-www-sp-sprtfund-SprtFndCncmDclrFaq-selectScrn#03,0.0308,질문 부실관련자란 누구를 말하나요? 답변 부실관련자란 금융회사 부실을 초래하여 공적자금 및 예금보험기금 투입을 유발한 금융회사 전 · 현직 임직원 및 금융회사에 ,질문 익명이나 가명으로 신고하는 것도 가능한가요? 답변 은닉재산의 신고시 허위 또는 무고성 신고 등의 남발을 방지하기 위하여 
32,faq,은닉재산 신고,신고대상자가 부실관련자인지 여부를 어떻게 알수있나요?,kdic-www-sp-sprtfund-SprtFndCncmDclrFaq-selectScrn,kdic-www-sp-sprtfund-SprtFndCncmDclrFaq-selectScrn#00;kdic-www-sp-sprtfund-SprtFndCncmDclrFaq-selectScrn#01;kdic-www-sp-sprtfund-SprtFndCncmDclrFaq-selectScrn#02,12,1,1,1,kdic-www-sp-sprtfund-SprtFndCncmDclrFaq-selectScrn#09,0.0328,kdic-www-sp-sprtfund-SprtFndCncmDclrFaq-selectScrn#02,0.0318,kdic-www-sp-sprtfund-SprtFndCncmDclrFaq-selectScrn#11,0.0306,질문 부실관련자란 누구를 말하나요? 답변 부실관련자란 금융회사 부실을 초래하여 공적자금 및 예금보험기금 투입을 유발한 금융회사 전 · 현직 임직원 및 금융회사에 ,질문 신고대상자가 부실관련자인지 여부를 어떻게 알수있나요? 답변 신고대상자(법인 포함)가 부실관련자인지 여부는 신고센터와의 상
33,faq,은닉재산 신고,은닉재산신고 포상제도는 어떻게 되나요?,kdic-www-sp-sprtfund-SprtFndCncmDclrFaq-selectScrn;kdic-www-sp-sprtfund-SprtFndCncmDclrGudn-selectScrn,kdic-www-sp-sprtfund-SprtFndCncmDclrGudn-selectScrn#00;kdic-www-sp-sprtfund-SprtFndCncmDclrGudn-selectScrn#01;kdic-www-sp-sprtfund-SprtFndCncmDclrGudn-selectScrn#02,17,1,1,1,kdic-www-sp-sprtfund-SprtFndCncmDclrFaq-selectScrn#10,0.0328,kdic-www-sp-sprtfund-SprtFndCncmDclrFaq-selectScrn#03,0.0318,kdic-www-sp-sprtfund-SprtFndCncmDclrGudn-selectScrn#00,0.0313,은닉재산 신고 일반 국민이 금융부실관련자 1 아래 도움말 참조 의 은닉재산 2 아래 도움말 참조 정보를 쉽고 편리하게 신고하도록 하기 위하여 공사 내 은닉재산 신,"질문 은닉재산신고 포상제도는 어떻게 되나요? 답변 포상금 지급 기준 회수기여금액, 포상금 항목으로 구성된 포상금 지급 기준표 "
34,faq,은닉재산 신고,기타 자세한 사항을 알고싶으면 어떻게 하면 되나요?,kdic-www-sp-sprtfund-SprtFndCncmDclrFaq-selectScrn;kdic-fins-cm-bbs-selectFaqCncmPrptDclr,kdic-www-sp-sprtfund-SprtFndCncmDclrFaq-selectScrn#00;kdic-www-sp-sprtfund-SprtFndCncmDclrFaq-selectScrn#01;kdic-www-sp-sprtfund-SprtFndCncmDclrFaq-selectScrn#02,12,1,1,1,kdic-www-sp-sprtfund-SprtFndCncmDclrFaq-selectScrn#11,0.0328,kdic-www-sp-sprtfund-SprtFndCncmDclrFaq-selectScrn#09,0.0315,kdic-www-sp-sprtfund-SprtFndDebtDlngAplyGudn-selectScrn#01,0.0315,질문 부실관련자란 누구를 말하나요? 답변 부실관련자란 금융회사 부실을 초래하여 공적자금 및 예금보험기금 투입을 유발한 금융회사 전 · 현직 임직원 및 금융회사에 ,질문 기타 자세한 사항을 알고싶으면 어떻게 하면 되나요? 답변 기타 자세한 사항은 예금보험공사 홈페이지( www.kdic.or
35,heading,예금자보호제도,표시·설명·확인 제도란,kdic-www-sp-dpstrprot-ProtSystProtGudn-selectScrn,kdic-www-sp-dpstrprot-ProtSystProtGudn-selectScrn#00;kdic-www-sp-dpstrprot-ProtSystProtGudn-selectScrn#01,2,1,1,1,kdic-www-sp-dpstrprot-ProtSystProtGudn-selectScrn#00,0.0325,kdic-www-sp-dpstrprot-ProtSystProtGudn-selectScrn#01,0.0325,kdic-www-sp-kmrs-kmrsItrdAplyMthd-selectScrn#00,0.031,표시·설명·확인 제도란 표시·설명·확인 제도는 예금자보호법에 따라 부보금융회사가 판매하는 금융상품에 대하여 예금보험 여부 및 보호한도(원금과 소정의 이자를 합하여,표시·설명·확인 제도란 표시·설명·확인 제도는 예금자보호법에 따라 부보금융회사가 판매하는 금융상품에 대하여 예금보험 여부 및 
36,heading,예금보험금 안내,예금보험금이란?,kdic-www-sp-dpstrprot-DpsmIbamtExpln-selectScrn,kdic-www-sp-dpstrprot-DpsmIbamtExpln-selectScrn#00;kdic-www-sp-dpstrprot-DpsmIbamtExpln-selectScrn#01;kdic-www-sp-dpstrprot-DpsmIbamtExpln-selectScrn#02,4,1,1,1,kdic-www-sp-dpstrprot-DpsmIbamtExpln-selectScrn#02,0.032,kdic-www-sp-dpstrprot-DpsmIbamtExpln-selectScrn#01,0.0313,kdic-www-sp-dpstrprot-DpsmIbamtExpln-selectScrn#00,0.031,"예금보험에 가입한 금융회사가 예금의 지급정지, 영업 인 · 허가의 취소, 해산 또는 파산 등으로 고객의 예금을 지급할 수 없게 되는 경우를 “보험사고’라 하며, ","예금보험금은 아래의 공사 공시이율과 약정이율 중 낮은 금리를 적용 ※ 은행·저축은행·종합금융업 : 2.27% , 투자매매·투자"
37,heading,예금보험금 안내,가지급금이란?,kdic-www-sp-dpstrprot-DpsmIbamtExpln-selectScrn,kdic-www-sp-dpstrprot-DpsmIbamtExpln-selectScrn#00;kdic-www-sp-dpstrprot-DpsmIbamtExpln-selectScrn#01;kdic-www-sp-dpstrprot-DpsmIbamtExpln-selectScrn#02,4,1,1,1,kdic-www-sp-dpstrprot-DpsmIbamtExpln-selectScrn#01,0.0318,kdic-www-sp-dpstrprot-DpsmIbamtExpln-selectScrn#02,0.0313,kdic-www-sp-sprtfund-SprtFndCncmDclrFaq-selectScrn#10,0.0303,"예금보험에 가입한 금융회사가 예금의 지급정지, 영업 인 · 허가의 취소, 해산 또는 파산 등으로 고객의 예금을 지급할 수 없게 되는 경우를 “보험사고’라 하며, ",예금보험금/개산지급금/가지급금 신청 바로가기」 에 접속하여 예금보험금/개산지급금/가지급금을 신청하실 수 있습니다. 예금보험금이
38,heading,예금보험금 안내,개산지급금이란?,kdic-www-sp-dpstrprot-DpsmIbamtExpln-selectScrn,kdic-www-sp-dpstrprot-DpsmIbamtExpln-selectScrn#00;kdic-www-sp-dpstrprot-DpsmIbamtExpln-selectScrn#01;kdic-www-sp-dpstrprot-DpsmIbamtExpln-selectScrn#02,4,1,1,1,kdic-www-sp-dpstrprot-DpsmIbamtExpln-selectScrn#01,0.0313,kdic-www-sp-dpstrprot-DpsmIbamtExpln-selectScrn#02,0.0304,kdic-www-sp-sprtfund-SprtFndCncmDclrFaq-selectScrn#10,0.0303,"예금보험에 가입한 금융회사가 예금의 지급정지, 영업 인 · 허가의 취소, 해산 또는 파산 등으로 고객의 예금을 지급할 수 없게 되는 경우를 “보험사고’라 하며, ",예금보험금/개산지급금/가지급금 신청 바로가기」 에 접속하여 예금보험금/개산지급금/가지급금을 신청하실 수 있습니다. 예금보험금이
39,heading,고객 미수령금 신청,고객 미수령금이란?,kdic-www-sp-dpstrprot-ProtSystNramtInqAplyNramtGudn-selectScrn;kdic-fins-ua-aplygudn-NramtItgrAplyItrdMthdGudn-selectScrn,kdic-www-sp-dpstrprot-ProtSystNramtInqAplyNramtGudn-selectScrn#00,1,1,1,1,kdic-www-sp-dpstrprot-ProtSystNramtInqAplyNramtGudn-selectScrn#00,0.0328,kdic-www-sp-dpstrprot-DpsmIbamtExpln-selectScrn#00,0.0306,kdic-www-sp-dpstrprot-ProtSystHrpeHistInq-selectScrn#01,0.0294,"예금보험공사는 부실화된 금융회사의 예금자등이 찾아가지 아니한 금액을 고객 미수령금으로 분류하여 통합 관리하고 있으며, 지속적인 홍보 및 안내를 통한 적극적인 미수","예금보험공사는 부실화된 금융회사의 예금자등이 찾아가지 아니한 금액을 고객 미수령금으로 분류하여 통합 관리하고 있으며, 지속적인"
40,heading,고객 미수령금 신청,상속인 금융거래 조회서비스란?,kdic-www-sp-dpstrprot-ProtSystHrpeHistInq-selectScrn,kdic-www-sp-dpstrprot-ProtSystHrpeHistInq-selectScrn#00;kdic-www-sp-dpstrprot-ProtSystHrpeHistInq-selectScrn#01,2,1,1,1,kdic-www-sp-dpstrprot-ProtSystHrpeHistInq-selectScrn#00,0.0325,kdic-www-sp-dpstrprot-ProtSystHrpeHistInq-selectScrn#01,0.0325,kdic-www-sp-dpstrprot-DpsmIbamtAplyPossDcmnt-selectScrn#01,0.0306,"상속인 금융거래 조회서비스란? 공사는 상속인이 피상속인(사망자, 실종자, 금치산자 또는 피성년후견인, 피산정후견인)의 금융재산 및 채무를 여러 금융회사를 일일이 ","상속인 금융거래 조회서비스란? 공사는 상속인이 피상속인(사망자, 실종자, 금치산자 또는 피성년후견인, 피산정후견인)의 금융재산"
41,heading,고객 미수령금 신청,파산배당금이란?,kdic-www-sp-dpstrprot-ProtSystNramtInqAplyNramtGudn-selectScrn;kdic-fins-ua-aplygudn-NramtItgrAplyItrdMthdGudn-selectScrn,kdic-www-sp-dpstrprot-ProtSystNramtInqAplyNramtGudn-selectScrn#00,1,0,0,0,kdic-www-rb-lbltajmt-LbltAjmtSprtPsnBr-selectScrn#01,0.0315,kdic-www-rb-lbltajmt-LbltAjmtSprtPsnBr-selectScrn#00,0.031,kdic-www-rb-lbltajmt-LbltAjmtSprtPsnBr-selectScrn#02,0.0304,"예금보험공사는 부실화된 금융회사의 예금자등이 찾아가지 아니한 금액을 고객 미수령금으로 분류하여 통합 관리하고 있으며, 지속적인 홍보 및 안내를 통한 적극적인 미수",문 이송 각하·기각 예납명령 기각 파산선고 파산관재인 선임 파산관재인 재산관리·조사 채권자집회 의견청취기일(면책심문기일) 파산
42,heading,고객 미수령금 신청,개산지급금 정산금이란?,kdic-www-sp-dpstrprot-ProtSystNramtInqAplyNramtGudn-selectScrn;kdic-fins-ua-aplygudn-NramtItgrAplyItrdMthdGudn-selectScrn,kdic-www-sp-dpstrprot-ProtSystNramtInqAplyNramtGudn-selectScrn#00,1,8,0,0,kdic-www-sp-dpstrprot-DpsmIbamtExpln-selectScrn#01,0.0305,kdic-www-sp-sprtfund-SprtFndCncmDclrFaq-selectScrn#10,0.0289,kdic-www-sp-dpstrprot-DpsmIbamtExpln-selectScrn#02,0.0279,"예금보험공사는 부실화된 금융회사의 예금자등이 찾아가지 아니한 금액을 고객 미수령금으로 분류하여 통합 관리하고 있으며, 지속적인 홍보 및 안내를 통한 적극적인 미수",예금보험금/개산지급금/가지급금 신청 바로가기」 에 접속하여 예금보험금/개산지급금/가지급금을 신청하실 수 있습니다. 예금보험금이
43,heading,착오송금 반환 신청,신청 가능한 착오송금 금액 한도가 있나요?,kdic-www-sp-kmrs-kmrsItrdAplyTrgt-selectScrn;kdic-fins-ir-msdrpr-MsdrprAttnMttr-selectScrn;kdic-fins-cm-bbs-selectFaqMsdrGvbkAply,kdic-www-sp-kmrs-kmrsItrdAplyTrgt-selectScrn#00,1,1,1,1,kdic-www-sp-kmrs-kmrsItrdAplyTrgt-selectScrn#00,0.0328,kdic-www-sp-kmrs-kmrsItrdProc-selectScrn#00,0.032,kdic-www-sp-kmrs-kmrsItrdAplyMthd-selectScrn#00,0.0318,신청 가능한 착오송금 금액 한도가 있나요? 신청 가능 한도는 착오송금 건당 5만원 이상 ~ 1억원 이하 입니다. 언제까지 신청하면 되나요? 잘못 이체한 날로부터 ,신청 가능한 착오송금 금액 한도가 있나요? 신청 가능 한도는 착오송금 건당 5만원 이상 ~ 1억원 이하 입니다. 언제까지 신청
44,heading,착오송금 반환 신청,언제까지 신청하면 되나요?,kdic-www-sp-kmrs-kmrsItrdAplyTrgt-selectScrn;kdic-fins-ir-msdrpr-MsdrprAttnMttr-selectScrn,kdic-www-sp-kmrs-kmrsItrdAplyTrgt-selectScrn#00,1,1,1,1,kdic-www-sp-kmrs-kmrsItrdAplyTrgt-selectScrn#00,0.0328,kdic-www-sp-dpstrprot-DpsmIbamtExpln-selectScrn#02,0.0299,kdic-www-rb-lbltajmt-LbltAjmtSprtCredRcvrySprt-selectScrn#01,0.0292,신청 가능한 착오송금 금액 한도가 있나요? 신청 가능 한도는 착오송금 건당 5만원 이상 ~ 1억원 이하 입니다. 언제까지 신청하면 되나요? 잘못 이체한 날로부터 ,신청 가능한 착오송금 금액 한도가 있나요? 신청 가능 한도는 착오송금 건당 5만원 이상 ~ 1억원 이하 입니다. 언제까지 신청
45,heading,착오송금 반환 신청,예금보험공사에 신청하기 전에 해야 할 일이 있나요?,kdic-www-sp-kmrs-kmrsItrdAplyTrgt-selectScrn;kdic-fins-ir-msdrpr-MsdrprAttnMttr-selectScrn,kdic-www-sp-kmrs-kmrsItrdAplyTrgt-selectScrn#00,1,1,1,1,kdic-www-sp-kmrs-kmrsItrdAplyTrgt-selectScrn#00,0.0328,kdic-www-sp-sprtfund-SprtFndCncmDclrFaq-selectScrn#11,0.0295,kdic-www-sp-dpstrprot-ProtSystFaq-selectScrn#07,0.0294,신청 가능한 착오송금 금액 한도가 있나요? 신청 가능 한도는 착오송금 건당 5만원 이상 ~ 1억원 이하 입니다. 언제까지 신청하면 되나요? 잘못 이체한 날로부터 ,신청 가능한 착오송금 금액 한도가 있나요? 신청 가능 한도는 착오송금 건당 5만원 이상 ~ 1억원 이하 입니다. 언제까지 신청
46,heading,착오송금 반환 신청,예금보험공사에서 지원하지 않는 경우도 있나요?,kdic-www-sp-kmrs-kmrsItrdAplyTrgt-selectScrn;kdic-fins-cm-bbs-selectFaqMsdrGvbkAply,kdic-www-sp-kmrs-kmrsItrdAplyTrgt-selectScrn#00,1,1,1,1,kdic-www-sp-kmrs-kmrsItrdAplyTrgt-selectScrn#00,0.0325,kdic-www-sp-kmrs-kmrsItrdProc-selectScrn#00,0.0303,kdic-www-sp-dpstrprot-ProtSyst-selectScrn#00,0.0282,신청 가능한 착오송금 금액 한도가 있나요? 신청 가능 한도는 착오송금 건당 5만원 이상 ~ 1억원 이하 입니다. 언제까지 신청하면 되나요? 잘못 이체한 날로부터 ,신청 가능한 착오송금 금액 한도가 있나요? 신청 가능 한도는 착오송금 건당 5만원 이상 ~ 1억원 이하 입니다. 언제까지 신청
47,heading,착오송금 반환 신청,실수로 잘못 송금한 돈 돌려받을 수 있을까?,kdic-fins-ir-aplygudn-MtrsGvbkSprtProc-selectScrn;kdic-www-sp-kmrs-kmrsItrd-selectScrn,kdic-www-sp-kmrs-kmrsItrd-selectScrn#00,1,1,1,1,kdic-www-sp-kmrs-kmrsItrd-selectScrn#00,0.0328,kdic-www-sp-kmrs-kmrsItrdAplyTrgt-selectScrn#00,0.0323,kdic-www-sp-kmrs-kmrsItrdProc-selectScrn#00,0.0317,제도 소개 안내영상 영상내용입니다. 제도 소개 안내영상입니다. 잘못 보낸 돈 되찾기 서비스란 착오송금인이 실수로 잘못 보낸 돈을 최소한의 비용으로 빠르게 되찾을 ,제도 소개 안내영상 영상내용입니다. 제도 소개 안내영상입니다. 잘못 보낸 돈 되찾기 서비스란 착오송금인이 실수로 잘못 보낸 돈
48,heading,착오송금 반환 신청,송금하시겠습니까?,kdic-fins-ir-aplygudn-MtrsGvbkSprtProc-selectScrn;kdic-www-sp-kmrs-kmrsItrd-selectScrn,kdic-www-sp-kmrs-kmrsItrd-selectScrn#00,1,4,0,0,kdic-www-sp-kmrs-kmrsItrdAplyTrgt-selectScrn#00,0.0325,kdic-www-sp-kmrs-kmrsItrdAplyMthd-selectScrn#00,0.032,kdic-www-sp-kmrs-kmrsItrdProc-selectScrn#00,0.0318,제도 소개 안내영상 영상내용입니다. 제도 소개 안내영상입니다. 잘못 보낸 돈 되찾기 서비스란 착오송금인이 실수로 잘못 보낸 돈을 최소한의 비용으로 빠르게 되찾을 ,신청 가능한 착오송금 금액 한도가 있나요? 신청 가능 한도는 착오송금 건당 5만원 이상 ~ 1억원 이하 입니다. 언제까지 신청
49,heading,채무조정 안내,개인회생제도란,kdic-www-rb-lbltajmt-LbltAjmtSprtPsnRg-selectScrn,kdic-www-rb-lbltajmt-LbltAjmtSprtPsnRg-selectScrn#00;kdic-www-rb-lbltajmt-LbltAjmtSprtPsnRg-selectScrn#01;kdic-www-rb-lbltajmt-LbltAjmtSprtPsnRg-selectScrn#02,5,1,1,1,kdic-www-rb-lbltajmt-LbltAjmtSprtPsnRg-selectScrn#04,0.0323,kdic-www-rb-lbltajmt-LbltAjmtSprtPsnRg-selectScrn#00,0.032,kdic-www-rb-lbltajmt-LbltAjmtSprtPsnRg-selectScrn#02,0.0308,개인회생제도란 지급불능 상태에 있는 사람이 일정한 소득을 얻고 있을 경우에 3~5년간 일정한 금액을 갚으면 채무를 면제받는 제도입니다. 신청자격 급여소득자 또는 ,개인회생 절차안내 신청-변제계획안 제출(신청일 부터 14일 이내) 기각사유 기각 개인회생위원 선임 보전처분 중지명령·포괄적 금
50,heading,채무조정 안내,개인파산과 면책이란,kdic-www-rb-lbltajmt-LbltAjmtSprtPsnBr-selectScrn,kdic-www-rb-lbltajmt-LbltAjmtSprtPsnBr-selectScrn#00;kdic-www-rb-lbltajmt-LbltAjmtSprtPsnBr-selectScrn#01;kdic-www-rb-lbltajmt-LbltAjmtSprtPsnBr-selectScrn#02,5,1,1,1,kdic-www-rb-lbltajmt-LbltAjmtSprtPsnBr-selectScrn#00,0.0328,kdic-www-rb-lbltajmt-LbltAjmtSprtPsnBr-selectScrn#01,0.032,kdic-www-rb-lbltajmt-LbltAjmtSprtPsnRg-selectScrn#04,0.0313,개인파산과 면책이란 개인인 채무자가 자신의 재산으로 모든 채무를 변제할 수 없는 상태에 빠진 경우에 그 채무의 정리를 위하여 채무자 또는 채권자가 파산신청을 하는,개인파산과 면책이란 개인인 채무자가 자신의 재산으로 모든 채무를 변제할 수 없는 상태에 빠진 경우에 그 채무의 정리를 위하여 
51,heading,채무조정 안내,파산이 선고되면 바로 면책되는 것인가요?,kdic-www-rb-lbltajmt-LbltAjmtSprtPsnBr-selectScrn,kdic-www-rb-lbltajmt-LbltAjmtSprtPsnBr-selectScrn#00;kdic-www-rb-lbltajmt-LbltAjmtSprtPsnBr-selectScrn#01;kdic-www-rb-lbltajmt-LbltAjmtSprtPsnBr-selectScrn#02,5,1,1,1,kdic-www-rb-lbltajmt-LbltAjmtSprtPsnBr-selectScrn#01,0.0325,kdic-www-rb-lbltajmt-LbltAjmtSprtPsnBr-selectScrn#02,0.0323,kdic-www-rb-lbltajmt-LbltAjmtSprtPsnBr-selectScrn#00,0.032,개인파산과 면책이란 개인인 채무자가 자신의 재산으로 모든 채무를 변제할 수 없는 상태에 빠진 경우에 그 채무의 정리를 위하여 채무자 또는 채권자가 파산신청을 하는,문 이송 각하·기각 예납명령 기각 파산선고 파산관재인 선임 파산관재인 재산관리·조사 채권자집회 의견청취기일(면책심문기일) 파산
52,heading,채무조정 안내,면책불허가 사유는 어떤 것이 있나요?,kdic-www-rb-lbltajmt-LbltAjmtSprtPsnBr-selectScrn,kdic-www-rb-lbltajmt-LbltAjmtSprtPsnBr-selectScrn#00;kdic-www-rb-lbltajmt-LbltAjmtSprtPsnBr-selectScrn#01;kdic-www-rb-lbltajmt-LbltAjmtSprtPsnBr-selectScrn#02,5,1,1,1,kdic-www-rb-lbltajmt-LbltAjmtSprtPsnBr-selectScrn#02,0.0325,kdic-www-rb-lbltajmt-LbltAjmtSprtPsnBr-selectScrn#01,0.0323,kdic-www-rb-lbltajmt-LbltAjmtSprtPsnRg-selectScrn#04,0.0311,개인파산과 면책이란 개인인 채무자가 자신의 재산으로 모든 채무를 변제할 수 없는 상태에 빠진 경우에 그 채무의 정리를 위하여 채무자 또는 채권자가 파산신청을 하는,이러한 절차에 성실히 응하지 않고면책심문기일이나 의견청취기일에 불출석하거나 파산관재인의 연락을 받지 않는 경우 면책이 기각될 
53,yesom,고객 미수령금 신청,고객 미수령금 신청,kdic-www-sp-dpstrprot-ProtSystNramtInqAplyNramtGudn-selectScrn;kdic-fins-ua-aplygudn-NramtItgrAplyItrdMthdGudn-selectScrn,kdic-www-sp-dpstrprot-ProtSystNramtInqAplyNramtGudn-selectScrn#00,1,1,1,1,kdic-www-sp-dpstrprot-ProtSystNramtInqAplyNramtGudn-selectScrn#00,0.0328,kdic-www-sp-dpstrprot-ProtSystHrpeHistInq-selectScrn#01,0.0304,kdic-www-sp-dpstrprot-ProtSystHrpeHistInq-selectScrn#00,0.0296,"예금보험공사는 부실화된 금융회사의 예금자등이 찾아가지 아니한 금액을 고객 미수령금으로 분류하여 통합 관리하고 있으며, 지속적인 홍보 및 안내를 통한 적극적인 미수","예금보험공사는 부실화된 금융회사의 예금자등이 찾아가지 아니한 금액을 고객 미수령금으로 분류하여 통합 관리하고 있으며, 지속적인"
54,yesom,예금보험금 안내,예금보험금 안내,kdic-www-sp-dpstrprot-DpsmIbamtExpln-selectScrn,kdic-www-sp-dpstrprot-DpsmIbamtExpln-selectScrn#00;kdic-www-sp-dpstrprot-DpsmIbamtExpln-selectScrn#01;kdic-www-sp-dpstrprot-DpsmIbamtExpln-selectScrn#02,4,3,0,1,kdic-www-sp-dpstrprot-DpsmIbamtAplyProc-selectScrn#00,0.032,kdic-www-sp-dpstrprot-DpsmIbamtAplyProc-selectScrn#01,0.031,kdic-www-sp-dpstrprot-DpsmIbamtExpln-selectScrn#02,0.0307,"예금보험에 가입한 금융회사가 예금의 지급정지, 영업 인 · 허가의 취소, 해산 또는 파산 등으로 고객의 예금을 지급할 수 없게 되는 경우를 “보험사고’라 하며, ",01 부보금융회사 보험사고 발생 열기 1종 보험사고 금융회사의 재무상황 악화 등으로 인해 예금의 지급이 정지된 경우 2종 보험
55,yesom,예금자보호제도,예금자보호제도,kdic-www-sp-dpstrprot-ProtSyst-selectScrn,kdic-www-sp-dpstrprot-ProtSyst-selectScrn#00,1,8,0,0,kdic-www-sp-dpstrprot-ProtSystProtLmts-selectScrn#00,0.0325,kdic-www-sp-dpstrprot-ProtSystProtGudn-selectScrn#00,0.0298,kdic-www-sp-dpstrprot-ProtSystFaq-selectScrn#03,0.0164,예금보험의 구조 금융회사가 평소에 예금보험료를 예금보험공사에 납부하고 예금보험공사는 수납받은 예금보험료를 기금으로 적립하고 있다가 금융회사가 부실화되어 고객의 예,예금자보호제도는 다수의 소액예금자를 우선 보호하고 부실 금융회사를 선택한 예금자도 일정부분 책임을 분담한다는 차원에서 예금의 
56,yesom,은닉재산 신고,은닉재산 신고,kdic-www-sp-sprtfund-SprtFndCncmDclrGudn-selectScrn,kdic-www-sp-sprtfund-SprtFndCncmDclrGudn-selectScrn#00;kdic-www-sp-sprtfund-SprtFndCncmDclrGudn-selectScrn#01;kdic-www-sp-sprtfund-SprtFndCncmDclrGudn-selectScrn#02,5,3,0,1,kdic-www-sp-sprtfund-SprtCncmDclrInqGudn-selectScrn#00,0.0323,kdic-www-sp-sprtfund-SprtFndCncmDclrFaq-selectScrn#03,0.032,kdic-www-sp-sprtfund-SprtFndCncmDclrGudn-selectScrn#00,0.0312,은닉재산 신고 일반 국민이 금융부실관련자 1 아래 도움말 참조 의 은닉재산 2 아래 도움말 참조 정보를 쉽고 편리하게 신고하도록 하기 위하여 공사 내 은닉재산 신,은닉재산신고 및 신고내역 조회 은닉재산신고 절차 예금보험공사 홈페이지에서는 단계를 거쳐 금융부실관련자의 은닉재산신고 및 이미 
57,yesom,착오송금 반환 신청,착오송금 반환 신청,kdic-www-sp-kmrs-kmrsItrdAplyMthd-selectScrn,kdic-www-sp-kmrs-kmrsItrdAplyMthd-selectScrn#00,1,4,0,0,kdic-www-sp-kmrs-kmrsItrdProc-selectScrn#00,0.0325,kdic-www-sp-kmrs-kmrsItrd-selectScrn#00,0.0323,kdic-www-sp-kmrs-kmrsItrdAplyTrgt-selectScrn#00,0.032,신청방법 온라인 신청 사이트 : fins.kdic.or.kr (상단 아이콘 클릭 시 사이트 연결) 접속방법 : PC (모바일은 추후 지원 예정) 준비물 : 공동인,"착오송금반환지원 절차 ( 착오송금인-예금보험공사-착오송금 수취인, 중앙행정기관 금융회사등 - 예금보험공사 - 법원 ) 1. 착"
58,yesom,채무조정 안내,채무조정 안내,kdic-www-rb-lbltajmt-LbltAjmtSprtLbltAjmtSyst-selectScrn,kdic-www-rb-lbltajmt-LbltAjmtSprtLbltAjmtSyst-selectScrn#00;kdic-www-rb-lbltajmt-LbltAjmtSprtLbltAjmtSyst-selectScrn#01;kdic-www-rb-lbltajmt-LbltAjmtSprtLbltAjmtSyst-selectScrn#02,4,1,1,1,kdic-www-rb-lbltajmt-LbltAjmtSprtLbltAjmtSyst-selectScrn#03,0.0323,kdic-www-rb-lbltajmt-LbltAjmtSprtPsnRg-selectScrn#03,0.032,kdic-www-rb-lbltajmt-LbltAjmtSprtLbltAjmtSyst-selectScrn#00,0.032,"채무조정 개요 예금보험공사는 예금보호대상 금융회사(은행, 보험회사, 투자매매업자·투자중개업자, 종합금융회사, 상호저축은행 등)가 파산한 경우 채무자의 연체대출금에","출의 경우에는 이자율조정 제도를 통해 이자율을 낮출 수 있습니다. 또한 원금 1,000만원 미만 연체채무자에 대해서는 “신속채"
59,yesom,고객 미수령금 신청,미수령금 신청서류,kdic-www-sp-dpstrprot-DpsmIbamtAplyPossDcmnt-selectScrn;kdic-www-sp-dpstrprot-ProtSystNramtInqAplyNramtGudn-selectScrn;kdic-fins-cm-bbs-selectFaqNramtAply,kdic-www-sp-dpstrprot-DpsmIbamtAplyPossDcmnt-selectScrn#00;kdic-www-sp-dpstrprot-DpsmIbamtAplyPossDcmnt-selectScrn#01;kdic-www-sp-dpstrprot-DpsmIbamtAplyPossDcmnt-selectScrn#02,5,1,1,1,kdic-www-sp-dpstrprot-ProtSystNramtInqAplyNramtGudn-selectScrn#00,0.0297,kdic-www-sp-dpstrprot-DpsmIbamtAplyPossDcmnt-selectScrn#02,0.0297,kdic-www-sp-kmrs-kmrsItrdAplyMthd-selectScrn#00,0.0297,"01 예금자 본인이 찾을 경우 열기 예금자 본인의 확인 증명 주민등록증, 경로우대증, 운전면허증, 여권 등 공공기관에서 발행한 사진이 들어간 본인임을 확인할 수 ","예금보험공사는 부실화된 금융회사의 예금자등이 찾아가지 아니한 금액을 고객 미수령금으로 분류하여 통합 관리하고 있으며, 지속적인"
60,yesom,고객 미수령금 신청,미수령금 방문 신청,kdic-www-sp-dpstrprot-ProtSystNramtInqAplyNramtGudn-selectScrn,kdic-www-sp-dpstrprot-ProtSystNramtInqAplyNramtGudn-selectScrn#00,1,1,1,1,kdic-www-sp-dpstrprot-ProtSystNramtInqAplyNramtGudn-selectScrn#00,0.032,kdic-www-sp-kmrs-kmrsItrdAplyMthd-selectScrn#00,0.0303,kdic-www-sp-dpstrprot-ProtSystHrpeHistInq-selectScrn#01,0.0302,"예금보험공사는 부실화된 금융회사의 예금자등이 찾아가지 아니한 금액을 고객 미수령금으로 분류하여 통합 관리하고 있으며, 지속적인 홍보 및 안내를 통한 적극적인 미수","예금보험공사는 부실화된 금융회사의 예금자등이 찾아가지 아니한 금액을 고객 미수령금으로 분류하여 통합 관리하고 있으며, 지속적인"
61,yesom,예금보험금 안내,예금보험금 종류,kdic-www-sp-dpstrprot-DpsmIbamtExpln-selectScrn,kdic-www-sp-dpstrprot-DpsmIbamtExpln-selectScrn#00;kdic-www-sp-dpstrprot-DpsmIbamtExpln-selectScrn#01;kdic-www-sp-dpstrprot-DpsmIbamtExpln-selectScrn#02,4,1,1,1,kdic-www-sp-dpstrprot-DpsmIbamtExpln-selectScrn#02,0.0313,kdic-www-sp-dpstrprot-DpsmIbamtExpln-selectScrn#01,0.029,kdic-www-sp-dpstrprot-ProtSystFaq-selectScrn#14,0.029,"예금보험에 가입한 금융회사가 예금의 지급정지, 영업 인 · 허가의 취소, 해산 또는 파산 등으로 고객의 예금을 지급할 수 없게 되는 경우를 “보험사고’라 하며, ","예금보험금은 아래의 공사 공시이율과 약정이율 중 낮은 금리를 적용 ※ 은행·저축은행·종합금융업 : 2.27% , 투자매매·투자"
62,yesom,예금보험금 안내,예금보험금이 지급되는 경우,kdic-www-sp-dpstrprot-DpsmIbamtExpln-selectScrn,kdic-www-sp-dpstrprot-DpsmIbamtExpln-selectScrn#00;kdic-www-sp-dpstrprot-DpsmIbamtExpln-selectScrn#01;kdic-www-sp-dpstrprot-DpsmIbamtExpln-selectScrn#02,4,1,1,1,kdic-www-sp-dpstrprot-DpsmIbamtExpln-selectScrn#01,0.032,kdic-www-sp-dpstrprot-ProtSystFaq-selectScrn#14,0.0318,kdic-www-sp-dpstrprot-DpsmIbamtExpln-selectScrn#00,0.0318,"예금보험에 가입한 금융회사가 예금의 지급정지, 영업 인 · 허가의 취소, 해산 또는 파산 등으로 고객의 예금을 지급할 수 없게 되는 경우를 “보험사고’라 하며, ",예금보험금/개산지급금/가지급금 신청 바로가기」 에 접속하여 예금보험금/개산지급금/가지급금을 신청하실 수 있습니다. 예금보험금이
63,yesom,예금보험금 안내,예금보험금 신청,kdic-www-sp-dpstrprot-DpsmIbamtAplyProc-selectScrn,kdic-www-sp-dpstrprot-DpsmIbamtAplyProc-selectScrn#00;kdic-www-sp-dpstrprot-DpsmIbamtAplyProc-selectScrn#01,2,3,0,1,kdic-www-sp-dpstrprot-DpsmIbamtExpln-selectScrn#02,0.0328,kdic-www-sp-dpstrprot-DpsmIbamtExpln-selectScrn#01,0.0318,kdic-www-sp-dpstrprot-DpsmIbamtAplyProc-selectScrn#00,0.0315,"01 부보금융회사 보험사고 발생 열기 1종 보험사고 금융회사의 재무상황 악화 등으로 인해 예금의 지급이 정지된 경우 2종 보험사고 금융회사가 인 · 허가 취소, ","예금보험금은 아래의 공사 공시이율과 약정이율 중 낮은 금리를 적용 ※ 은행·저축은행·종합금융업 : 2.27% , 투자매매·투자"
64,yesom,예금자보호제도,보호 대상 금융상품,kdic-www-sp-dpstrprot-selectProtSystProtTrgtPrdctSumr,kdic-www-sp-dpstrprot-selectProtSystProtTrgtPrdctSumr#00;kdic-www-sp-dpstrprot-selectProtSystProtTrgtPrdctSumr#01;kdic-www-sp-dpstrprot-selectProtSystProtTrgtPrdctSumr#02,10,2,0,1,kdic-www-sp-dpstrprot-ProtSystFaq-selectScrn#03,0.032,kdic-www-sp-dpstrprot-selectProtSystProtTrgtPrdctSumr#05,0.0315,kdic-www-sp-dpstrprot-selectProtSystProtTrgtPrdctSumr#08,0.0313,예금보험공사는 예금보험 가입 금융회사가 취급하는 '예금' 등 만을 보호합니다. 그런데 여기서 꼭 알아두어야 할 점은 모든 금융상품이 보호대상 '예금' 등에 해당하,질문 어떤 금융상품이 보호되나요? 답변 ☞ 예금보험공사 홈페이지 > 제도·정책 > 예금자보호제도 > 보호대상 > 금융상품 보호
65,yesom,예금자보호제도,보호 대상 금융회사,kdic-www-sp-dpstrprot-selectProtSystProtSumr,kdic-www-sp-dpstrprot-selectProtSystProtSumr#00;kdic-www-sp-dpstrprot-selectProtSystProtSumr#01;kdic-www-sp-dpstrprot-selectProtSystProtSumr#02,3,1,1,1,kdic-www-sp-dpstrprot-selectProtSystProtSumr#00,0.0328,kdic-www-sp-dpstrprot-selectProtSystProtSumr#02,0.0317,kdic-www-sp-dpstrprot-ProtSystFaq-selectScrn#02,0.0308,"보호대상 금융회사는 은행, 보험회사(생명보험·손해보험회사), 투자매매업자·투자중개업자*, 종합금융회사, 상호저축은행 입니다. * 「자본시장과 금융투자업에 관한 법","보호대상 금융회사는 은행, 보험회사(생명보험·손해보험회사), 투자매매업자·투자중개업자*, 종합금융회사, 상호저축은행 입니다. "
66,yesom,예금자보호제도,보호 한도,kdic-www-sp-dpstrprot-ProtSystProtLmts-selectScrn,kdic-www-sp-dpstrprot-ProtSystProtLmts-selectScrn#00;kdic-www-sp-dpstrprot-ProtSystProtLmts-selectScrn#01,2,3,0,1,kdic-www-sp-dpstrprot-ProtSystFaq-selectScrn#11,0.0303,kdic-www-sp-dpstrprot-ProtSystFaq-selectScrn#15,0.0299,kdic-www-sp-dpstrprot-ProtSystProtLmts-selectScrn#00,0.0294,예금자보호제도는 다수의 소액예금자를 우선 보호하고 부실 금융회사를 선택한 예금자도 일정부분 책임을 분담한다는 차원에서 예금의 전액을 보호하지 않고 일정액만을 보호,"질문 퇴직연금, 연금저축, 사고보험금에 대한 별도보호한도 1억원은 어떻게 적용되나요? 답변 ※ 별도 보호한도란? 국민의 노후 "
67,yesom,은닉재산 신고,은닉재산신고 방법,kdic-www-sp-sprtfund-SprtCncmDclrInqGudn-selectScrn;kdic-www-sp-sprtfund-SprtFndCncmDclrGudn-selectScrn,kdic-www-sp-sprtfund-SprtFndCncmDclrGudn-selectScrn#00;kdic-www-sp-sprtfund-SprtFndCncmDclrGudn-selectScrn#01;kdic-www-sp-sprtfund-SprtFndCncmDclrGudn-selectScrn#02,6,1,1,1,kdic-www-sp-sprtfund-SprtCncmDclrInqGudn-selectScrn#00,0.0325,kdic-www-sp-sprtfund-SprtFndCncmDclrFaq-selectScrn#03,0.0315,kdic-www-sp-sprtfund-SprtFndCncmDclrGudn-selectScrn#00,0.031,은닉재산 신고 일반 국민이 금융부실관련자 1 아래 도움말 참조 의 은닉재산 2 아래 도움말 참조 정보를 쉽고 편리하게 신고하도록 하기 위하여 공사 내 은닉재산 신,은닉재산신고 및 신고내역 조회 은닉재산신고 절차 예금보험공사 홈페이지에서는 단계를 거쳐 금융부실관련자의 은닉재산신고 및 이미 
68,yesom,은닉재산 신고,신고자 신상정보에 대한 비밀 보장,kdic-www-sp-sprtfund-SprtFndCncmDclrGudn-selectScrn;kdic-www-sp-sprtfund-SprtFndCncmDclrFaq-selectScrn,kdic-www-sp-sprtfund-SprtFndCncmDclrGudn-selectScrn#00;kdic-www-sp-sprtfund-SprtFndCncmDclrGudn-selectScrn#01;kdic-www-sp-sprtfund-SprtFndCncmDclrGudn-selectScrn#02,17,1,1,1,kdic-www-sp-sprtfund-SprtFndCncmDclrFaq-selectScrn#07,0.0328,kdic-www-sp-sprtfund-SprtFndCncmDclrFaq-selectScrn#02,0.032,kdic-www-sp-sprtfund-SprtFndCncmDclrFaq-selectScrn#08,0.0313,은닉재산 신고 일반 국민이 금융부실관련자 1 아래 도움말 참조 의 은닉재산 2 아래 도움말 참조 정보를 쉽고 편리하게 신고하도록 하기 위하여 공사 내 은닉재산 신,질문 신고자의 신상정보와 신고내용은 비밀이 보장되나요? 답변 신고자의 신상정보와 신고내용은 신고자 본인의사에 반하여 공개되지 
69,yesom,은닉재산 신고,은닉재산신고 처리절차,kdic-www-sp-sprtfund-SprtCncmDclrInqGudn-selectScrn;kdic-www-sp-sprtfund-SprtFndCncmDclrGudn-selectScrn,kdic-www-sp-sprtfund-SprtFndCncmDclrGudn-selectScrn#00;kdic-www-sp-sprtfund-SprtFndCncmDclrGudn-selectScrn#01;kdic-www-sp-sprtfund-SprtFndCncmDclrGudn-selectScrn#02,6,1,1,1,kdic-www-sp-sprtfund-SprtCncmDclrInqGudn-selectScrn#00,0.0325,kdic-www-sp-sprtfund-SprtFndCncmDclrFaq-selectScrn#02,0.032,kdic-www-sp-sprtfund-SprtFndCncmDclrFaq-selectScrn#05,0.0306,은닉재산 신고 일반 국민이 금융부실관련자 1 아래 도움말 참조 의 은닉재산 2 아래 도움말 참조 정보를 쉽고 편리하게 신고하도록 하기 위하여 공사 내 은닉재산 신,은닉재산신고 및 신고내역 조회 은닉재산신고 절차 예금보험공사 홈페이지에서는 단계를 거쳐 금융부실관련자의 은닉재산신고 및 이미 
70,yesom,은닉재산 신고,은닉재산신고 정보취득 경위,kdic-www-sp-sprtfund-SprtFndCncmDclrGudn-selectScrn,kdic-www-sp-sprtfund-SprtFndCncmDclrGudn-selectScrn#00;kdic-www-sp-sprtfund-SprtFndCncmDclrGudn-selectScrn#01;kdic-www-sp-sprtfund-SprtFndCncmDclrGudn-selectScrn#02,5,2,0,1,kdic-www-sp-sprtfund-SprtFndCncmDclrFaq-selectScrn#05,0.0328,kdic-www-sp-sprtfund-SprtFndCncmDclrGudn-selectScrn#00,0.032,kdic-www-sp-sprtfund-SprtCncmDclrInqGudn-selectScrn#00,0.0315,은닉재산 신고 일반 국민이 금융부실관련자 1 아래 도움말 참조 의 은닉재산 2 아래 도움말 참조 정보를 쉽고 편리하게 신고하도록 하기 위하여 공사 내 은닉재산 신,질문 은닉재산 신고시 신고정보의 취득경위까지도 신고센터에 알려주어야 하나요? 답변 신고시 취득경위까지 반드시 알려주어야 할 의
71,yesom,은닉재산 신고,은닉재산신고 포상금,kdic-www-sp-sprtfund-SprtFndCncmDclrGudn-selectScrn;kdic-www-sp-sprtfund-SprtFndCncmDclrFaq-selectScrn,kdic-www-sp-sprtfund-SprtFndCncmDclrGudn-selectScrn#00;kdic-www-sp-sprtfund-SprtFndCncmDclrGudn-selectScrn#01;kdic-www-sp-sprtfund-SprtFndCncmDclrGudn-selectScrn#02,17,1,1,1,kdic-www-sp-sprtfund-SprtFndCncmDclrFaq-selectScrn#10,0.0325,kdic-www-sp-sprtfund-SprtFndCncmDclrGudn-selectScrn#00,0.0325,kdic-www-sp-sprtfund-SprtFndCncmDclrFaq-selectScrn#02,0.0315,은닉재산 신고 일반 국민이 금융부실관련자 1 아래 도움말 참조 의 은닉재산 2 아래 도움말 참조 정보를 쉽고 편리하게 신고하도록 하기 위하여 공사 내 은닉재산 신,"질문 은닉재산신고 포상제도는 어떻게 되나요? 답변 포상금 지급 기준 회수기여금액, 포상금 항목으로 구성된 포상금 지급 기준표 "
72,yesom,고객 미수령금 신청,미수령금 인터넷 신청,kdic-fins-ua-aplygudn-NramtItgrAplyItrdMthdGudn-selectScrn;kdic-www-sp-dpstrprot-ProtSystNramtInqAplyNramtGudn-selectScrn,kdic-www-sp-dpstrprot-ProtSystNramtInqAplyNramtGudn-selectScrn#00,1,1,1,1,kdic-www-sp-dpstrprot-ProtSystNramtInqAplyNramtGudn-selectScrn#00,0.0323,kdic-www-sp-sprtfund-SprtFndDebtDlngAplyGudn-selectScrn#01,0.0296,kdic-www-sp-sprtfund-SprtFndCncmDclrFaq-selectScrn#02,0.0295,"예금보험공사는 부실화된 금융회사의 예금자등이 찾아가지 아니한 금액을 고객 미수령금으로 분류하여 통합 관리하고 있으며, 지속적인 홍보 및 안내를 통한 적극적인 미수","예금보험공사는 부실화된 금융회사의 예금자등이 찾아가지 아니한 금액을 고객 미수령금으로 분류하여 통합 관리하고 있으며, 지속적인"
73,yesom,착오송금 반환 신청,착오송금반환지원 절차,kdic-www-sp-kmrs-kmrsItrdProc-selectScrn;kdic-fins-ir-aplygudn-MtrsGvbkSprtProc-selectScrn,kdic-www-sp-kmrs-kmrsItrdProc-selectScrn#00,1,1,1,1,kdic-www-sp-kmrs-kmrsItrdProc-selectScrn#00,0.0325,kdic-www-sp-kmrs-kmrsItrd-selectScrn#00,0.0323,kdic-www-sp-kmrs-kmrsItrdAplyTrgt-selectScrn#00,0.032,"착오송금반환지원 절차 ( 착오송금인-예금보험공사-착오송금 수취인, 중앙행정기관 금융회사등 - 예금보험공사 - 법원 ) 1. 착오송금인은 예금보험공사에게 반환지원신","착오송금반환지원 절차 ( 착오송금인-예금보험공사-착오송금 수취인, 중앙행정기관 금융회사등 - 예금보험공사 - 법원 ) 1. 착"
74,yesom,착오송금 반환 신청,착오송금수취인 이의제기,kdic-fins-ir-aplygudn-MsdrAddrsePossDcmntGudn-selectScrn;kdic-fins-ir-addrse-AddrseAttnMttr-selectScrn,,0,0,0,0,kdic-www-sp-kmrs-kmrsItrdProc-selectScrn#00,0.0328,kdic-www-sp-kmrs-kmrsItrd-selectScrn#00,0.032,kdic-www-sp-kmrs-kmrsItrdAplyTrgt-selectScrn#00,0.0311,(GT청크없음),"착오송금반환지원 절차 ( 착오송금인-예금보험공사-착오송금 수취인, 중앙행정기관 금융회사등 - 예금보험공사 - 법원 ) 1. 착"
75,yesom,착오송금 반환 신청,착오송금수취인 이체수수료 환급신청,kdic-fins-ir-aplygudn-MsdrAddrsePossDcmntGudn-selectScrn,,0,0,0,0,kdic-www-sp-kmrs-kmrsItrdProc-selectScrn#00,0.0323,kdic-www-sp-kmrs-kmrsItrdAplyTrgt-selectScrn#00,0.0323,kdic-www-sp-kmrs-kmrsItrd-selectScrn#00,0.032,(GT청크없음),"착오송금반환지원 절차 ( 착오송금인-예금보험공사-착오송금 수취인, 중앙행정기관 금융회사등 - 예금보험공사 - 법원 ) 1. 착"
76,yesom,착오송금 반환 신청,착오송금인 신청방법,kdic-www-sp-kmrs-kmrsItrdAplyMthd-selectScrn,kdic-www-sp-kmrs-kmrsItrdAplyMthd-selectScrn#00,1,2,0,1,kdic-www-sp-kmrs-kmrsItrdProc-selectScrn#00,0.0323,kdic-www-sp-kmrs-kmrsItrdAplyMthd-selectScrn#00,0.032,kdic-www-sp-kmrs-kmrsItrd-selectScrn#00,0.032,신청방법 온라인 신청 사이트 : fins.kdic.or.kr (상단 아이콘 클릭 시 사이트 연결) 접속방법 : PC (모바일은 추후 지원 예정) 준비물 : 공동인,"착오송금반환지원 절차 ( 착오송금인-예금보험공사-착오송금 수취인, 중앙행정기관 금융회사등 - 예금보험공사 - 법원 ) 1. 착"
77,yesom,채무조정 안내,채무조정 금액,kdic-www-rb-lbltajmt-LbltAjmtSprtLbltAjmtSyst-selectScrn,kdic-www-rb-lbltajmt-LbltAjmtSprtLbltAjmtSyst-selectScrn#00;kdic-www-rb-lbltajmt-LbltAjmtSprtLbltAjmtSyst-selectScrn#01;kdic-www-rb-lbltajmt-LbltAjmtSprtLbltAjmtSyst-selectScrn#02,4,1,1,1,kdic-www-rb-lbltajmt-LbltAjmtSprtLbltAjmtSyst-selectScrn#02,0.032,kdic-www-rb-lbltajmt-LbltAjmtSprtPsnRg-selectScrn#03,0.0318,kdic-www-rb-lbltajmt-LbltAjmtSprtLbltAjmtSyst-selectScrn#03,0.0318,"채무조정 개요 예금보험공사는 예금보호대상 금융회사(은행, 보험회사, 투자매매업자·투자중개업자, 종합금융회사, 상호저축은행 등)가 파산한 경우 채무자의 연체대출금에","위임장, 신청인 인감증명서, 대리인 신분증 신청할 수 없는 경우 총 회수가능액이 총 채무액 이상인 경우 재산을 도피 또는 은닉"
78,yesom,채무조정 안내,채무조정 신청 불가 사유,kdic-www-rb-lbltajmt-LbltAjmtSprtLbltAjmtSyst-selectScrn,kdic-www-rb-lbltajmt-LbltAjmtSprtLbltAjmtSyst-selectScrn#00;kdic-www-rb-lbltajmt-LbltAjmtSprtLbltAjmtSyst-selectScrn#01;kdic-www-rb-lbltajmt-LbltAjmtSprtLbltAjmtSyst-selectScrn#02,4,1,1,1,kdic-www-rb-lbltajmt-LbltAjmtSprtLbltAjmtSyst-selectScrn#02,0.032,kdic-www-rb-lbltajmt-LbltAjmtSprtLbltAjmtSyst-selectScrn#00,0.031,kdic-www-rb-lbltajmt-LbltAjmtSprtLbltAjmtSyst-selectScrn#03,0.0309,"채무조정 개요 예금보험공사는 예금보호대상 금융회사(은행, 보험회사, 투자매매업자·투자중개업자, 종합금융회사, 상호저축은행 등)가 파산한 경우 채무자의 연체대출금에","위임장, 신청인 인감증명서, 대리인 신분증 신청할 수 없는 경우 총 회수가능액이 총 채무액 이상인 경우 재산을 도피 또는 은닉"
79,yesom,채무조정 안내,채무조정 신청 서류,kdic-www-rb-lbltajmt-LbltAjmtSprtLbltAjmtSyst-selectScrn,kdic-www-rb-lbltajmt-LbltAjmtSprtLbltAjmtSyst-selectScrn#00;kdic-www-rb-lbltajmt-LbltAjmtSprtLbltAjmtSyst-selectScrn#01;kdic-www-rb-lbltajmt-LbltAjmtSprtLbltAjmtSyst-selectScrn#02,4,2,0,1,kdic-www-rb-lbltajmt-LbltAjmtSprtCredRcvrySprt-selectScrn#01,0.0317,kdic-www-rb-lbltajmt-LbltAjmtSprtLbltAjmtSyst-selectScrn#00,0.0311,kdic-www-rb-lbltajmt-LbltAjmtSprtPsnRg-selectScrn#03,0.0301,"채무조정 개요 예금보험공사는 예금보호대상 금융회사(은행, 보험회사, 투자매매업자·투자중개업자, 종합금융회사, 상호저축은행 등)가 파산한 경우 채무자의 연체대출금에","채무조정 내용은 대출금의 종류, 총채무액, 변제가능성, 담보, 채무자의 환경 및 신용 등을 고려하여 모두 다르게 적용됩니다. "
80,yesom,채무조정 안내,채무 확인 방법,kdic-www-rb-lbltajmt-LbltAjmtSprtLbltInfoInqDscsnAply-selectScrn;kdic-fins-lb-lbltinfo-LbltInfoInqItrdMthdGudn-selectScrn,kdic-www-rb-lbltajmt-LbltAjmtSprtLbltInfoInqDscsnAply-selectScrn#00,1,2,0,1,kdic-www-rb-lbltajmt-LbltAjmtSprtLbltAjmtSyst-selectScrn#02,0.0315,kdic-www-rb-lbltajmt-LbltAjmtSprtLbltInfoInqDscsnAply-selectScrn#00,0.0309,kdic-www-rb-lbltajmt-LbltAjmtSprtPsnRg-selectScrn#03,0.0301,채무 정보 조회 간단한 본인인증 절차를 통해 파산금융회사 및 ㈜케이알앤씨에 채무가 있는지 확인하실 수 있습니다. 채무조정 상담 신청 채무 정보 조회 결과 파산금융,"위임장, 신청인 인감증명서, 대리인 신분증 신청할 수 없는 경우 총 회수가능액이 총 채무액 이상인 경우 재산을 도피 또는 은닉"
81,yesom,예금보험금 안내,가지급금,kdic-www-sp-dpstrprot-DpsmIbamtExpln-selectScrn,kdic-www-sp-dpstrprot-DpsmIbamtExpln-selectScrn#00;kdic-www-sp-dpstrprot-DpsmIbamtExpln-selectScrn#01;kdic-www-sp-dpstrprot-DpsmIbamtExpln-selectScrn#02,4,1,1,1,kdic-www-sp-dpstrprot-DpsmIbamtExpln-selectScrn#01,0.0312,kdic-www-sp-sprtfund-SprtFndCncmDclrFaq-selectScrn#10,0.0288,kdic-www-sp-sprtfund-SprtFndCncmDclrGudn-selectScrn#01,0.0255,"예금보험에 가입한 금융회사가 예금의 지급정지, 영업 인 · 허가의 취소, 해산 또는 파산 등으로 고객의 예금을 지급할 수 없게 되는 경우를 “보험사고’라 하며, ",예금보험금/개산지급금/가지급금 신청 바로가기」 에 접속하여 예금보험금/개산지급금/가지급금을 신청하실 수 있습니다. 예금보험금이
82,yesom,예금보험금 안내,개산지급금,kdic-www-sp-dpstrprot-DpsmIbamtExpln-selectScrn,kdic-www-sp-dpstrprot-DpsmIbamtExpln-selectScrn#00;kdic-www-sp-dpstrprot-DpsmIbamtExpln-selectScrn#01;kdic-www-sp-dpstrprot-DpsmIbamtExpln-selectScrn#02,4,1,1,1,kdic-www-sp-dpstrprot-DpsmIbamtExpln-selectScrn#01,0.031,kdic-www-sp-sprtfund-SprtFndCncmDclrFaq-selectScrn#10,0.0303,kdic-www-sp-dpstrprot-DpsmIbamtExpln-selectScrn#00,0.0301,"예금보험에 가입한 금융회사가 예금의 지급정지, 영업 인 · 허가의 취소, 해산 또는 파산 등으로 고객의 예금을 지급할 수 없게 되는 경우를 “보험사고’라 하며, ",예금보험금/개산지급금/가지급금 신청 바로가기」 에 접속하여 예금보험금/개산지급금/가지급금을 신청하실 수 있습니다. 예금보험금이
83,yesom,고객 미수령금 신청,군인 신청서류,kdic-www-sp-dpstrprot-DpsmIbamtAplyPossDcmnt-selectScrn;kdic-fins-cm-bbs-selectFaqNramtAply,kdic-www-sp-dpstrprot-DpsmIbamtAplyPossDcmnt-selectScrn#00;kdic-www-sp-dpstrprot-DpsmIbamtAplyPossDcmnt-selectScrn#01;kdic-www-sp-dpstrprot-DpsmIbamtAplyPossDcmnt-selectScrn#02,4,0,0,0,kdic-www-rb-lbltajmt-LbltAjmtSprtLbltAjmtSyst-selectScrn#01,0.0325,kdic-www-rb-lbltajmt-LbltAjmtSprtCredRcvrySprt-selectScrn#02,0.031,kdic-www-sp-kmrs-kmrsItrdAplyMthd-selectScrn#00,0.0306,"01 예금자 본인이 찾을 경우 열기 예금자 본인의 확인 증명 주민등록증, 경로우대증, 운전면허증, 여권 등 공공기관에서 발행한 사진이 들어간 본인임을 확인할 수 ","주민등록 등ㆍ초본 및 신분증(주민등록증, 운전면허증) 소득증명서류(급여명세서, 근로소득원천징수영수증 등) 재산증명서류(부동산등"
84,yesom,고객 미수령금 신청,대리인 신청서류,kdic-www-sp-dpstrprot-DpsmIbamtAplyPossDcmnt-selectScrn;kdic-fins-cm-bbs-selectFaqNramtAply,kdic-www-sp-dpstrprot-DpsmIbamtAplyPossDcmnt-selectScrn#00;kdic-www-sp-dpstrprot-DpsmIbamtAplyPossDcmnt-selectScrn#01;kdic-www-sp-dpstrprot-DpsmIbamtAplyPossDcmnt-selectScrn#02,4,5,0,0,kdic-www-rb-lbltajmt-LbltAjmtSprtCredRcvrySprt-selectScrn#02,0.0328,kdic-www-rb-lbltajmt-LbltAjmtSprtLbltAjmtSyst-selectScrn#01,0.0323,kdic-www-sp-kmrs-kmrsItrdAplyMthd-selectScrn#00,0.0301,"01 예금자 본인이 찾을 경우 열기 예금자 본인의 확인 증명 주민등록증, 경로우대증, 운전면허증, 여권 등 공공기관에서 발행한 사진이 들어간 본인임을 확인할 수 ",구분 | 내용 | 비고 신청인 | 채무자 또는 대리인 | 대리인의 경우 채무자의 인감증명서와 위임장 (동의서)등 권리 위임에 
85,yesom,고객 미수령금 신청,미성년자 신청서류,kdic-www-sp-dpstrprot-DpsmIbamtAplyPossDcmnt-selectScrn;kdic-fins-cm-bbs-selectFaqNramtAply,kdic-www-sp-dpstrprot-DpsmIbamtAplyPossDcmnt-selectScrn#00;kdic-www-sp-dpstrprot-DpsmIbamtAplyPossDcmnt-selectScrn#01;kdic-www-sp-dpstrprot-DpsmIbamtAplyPossDcmnt-selectScrn#02,4,1,1,1,kdic-www-sp-dpstrprot-DpsmIbamtAplyPossDcmnt-selectScrn#01,0.0325,kdic-www-sp-dpstrprot-DpsmIbamtAplyPossDcmnt-selectScrn#02,0.0318,kdic-www-rb-lbltajmt-LbltAjmtSprtLbltAjmtSyst-selectScrn#01,0.031,"01 예금자 본인이 찾을 경우 열기 예금자 본인의 확인 증명 주민등록증, 경로우대증, 운전면허증, 여권 등 공공기관에서 발행한 사진이 들어간 본인임을 확인할 수 ","친권자 혹은 후견인이 예금보험금 수령 열기 친권자 본인의 확인 증명 주민등록증, 경로우대증, 운전면허증, 여권 등 공공기관에서"
86,yesom,예금보험금 안내,방문 신청방법,kdic-www-sp-dpstrprot-DpsmIbamtAplyProc-selectScrn,kdic-www-sp-dpstrprot-DpsmIbamtAplyProc-selectScrn#00;kdic-www-sp-dpstrprot-DpsmIbamtAplyProc-selectScrn#01,2,0,0,0,kdic-www-sp-kmrs-kmrsItrdAplyMthd-selectScrn#00,0.0328,kdic-www-rb-lbltajmt-LbltAjmtSprtCredRcvrySprt-selectScrn#04,0.0313,kdic-www-sp-sprtfund-SprtFndDebtDlngAplyGudn-selectScrn#00,0.0308,"01 부보금융회사 보험사고 발생 열기 1종 보험사고 금융회사의 재무상황 악화 등으로 인해 예금의 지급이 정지된 경우 2종 보험사고 금융회사가 인 · 허가 취소, ",신청방법 온라인 신청 사이트 : fins.kdic.or.kr (상단 아이콘 클릭 시 사이트 연결) 접속방법 : PC (모바일은
87,yesom,착오송금 반환 신청,착오송금반환 방문 신청,kdic-www-sp-kmrs-kmrsItrdAplyMthd-selectScrn;kdic-fins-ir-aplygudn-MtrsVstRcptGudn-selectScrn,kdic-www-sp-kmrs-kmrsItrdAplyMthd-selectScrn#00,1,4,0,0,kdic-www-sp-kmrs-kmrsItrdProc-selectScrn#00,0.0328,kdic-www-sp-kmrs-kmrsItrd-selectScrn#00,0.032,kdic-www-sp-kmrs-kmrsItrdAplyTrgt-selectScrn#00,0.0318,신청방법 온라인 신청 사이트 : fins.kdic.or.kr (상단 아이콘 클릭 시 사이트 연결) 접속방법 : PC (모바일은 추후 지원 예정) 준비물 : 공동인,"착오송금반환지원 절차 ( 착오송금인-예금보험공사-착오송금 수취인, 중앙행정기관 금융회사등 - 예금보험공사 - 법원 ) 1. 착"
88,yesom,고객 미수령금 신청,법인 및 단체 신청서류,kdic-fins-cm-bbs-selectFaqNramtAply;kdic-www-sp-dpstrprot-ProtSystNramtInqAplyNramtGudn-selectScrn,kdic-www-sp-dpstrprot-ProtSystNramtInqAplyNramtGudn-selectScrn#00,1,0,0,0,kdic-www-rb-lbltajmt-LbltAjmtSprtLbltAjmtSyst-selectScrn#01,0.0313,kdic-www-sp-kmrs-kmrsItrdAplyMthd-selectScrn#00,0.0306,kdic-www-rb-lbltajmt-LbltAjmtSprtCredRcvrySprt-selectScrn#02,0.0301,"예금보험공사는 부실화된 금융회사의 예금자등이 찾아가지 아니한 금액을 고객 미수령금으로 분류하여 통합 관리하고 있으며, 지속적인 홍보 및 안내를 통한 적극적인 미수","주민등록 등ㆍ초본 및 신분증(주민등록증, 운전면허증) 소득증명서류(급여명세서, 근로소득원천징수영수증 등) 재산증명서류(부동산등"
89,yesom,고객 미수령금 신청,예금자 본인 신청서류,kdic-www-sp-dpstrprot-DpsmIbamtAplyPossDcmnt-selectScrn;kdic-fins-cm-bbs-selectFaqNramtAply,kdic-www-sp-dpstrprot-DpsmIbamtAplyPossDcmnt-selectScrn#00;kdic-www-sp-dpstrprot-DpsmIbamtAplyPossDcmnt-selectScrn#01;kdic-www-sp-dpstrprot-DpsmIbamtAplyPossDcmnt-selectScrn#02,4,2,0,1,kdic-www-sp-kmrs-kmrsItrdAplyMthd-selectScrn#00,0.0323,kdic-www-sp-dpstrprot-DpsmIbamtAplyPossDcmnt-selectScrn#00,0.032,kdic-www-sp-dpstrprot-DpsmIbamtAplyPossDcmnt-selectScrn#03,0.0311,"01 예금자 본인이 찾을 경우 열기 예금자 본인의 확인 증명 주민등록증, 경로우대증, 운전면허증, 여권 등 공공기관에서 발행한 사진이 들어간 본인임을 확인할 수 ",신청방법 온라인 신청 사이트 : fins.kdic.or.kr (상단 아이콘 클릭 시 사이트 연결) 접속방법 : PC (모바일은
90,yesom,고객 미수령금 신청,사망 예금자 신청서류,kdic-www-sp-dpstrprot-DpsmIbamtAplyPossDcmnt-selectScrn;kdic-www-sp-dpstrprot-ProtSystHrpeHistInq-selectScrn;kdic-fins-cm-bbs-selectFaqNramtAply,kdic-www-sp-dpstrprot-DpsmIbamtAplyPossDcmnt-selectScrn#00;kdic-www-sp-dpstrprot-DpsmIbamtAplyPossDcmnt-selectScrn#01;kdic-www-sp-dpstrprot-DpsmIbamtAplyPossDcmnt-selectScrn#02,6,1,1,1,kdic-www-sp-dpstrprot-DpsmIbamtAplyPossDcmnt-selectScrn#01,0.032,kdic-www-sp-dpstrprot-ProtSystHrpeHistInq-selectScrn#01,0.0318,kdic-www-rb-lbltajmt-LbltAjmtSprtLbltAjmtSyst-selectScrn#01,0.0308,"01 예금자 본인이 찾을 경우 열기 예금자 본인의 확인 증명 주민등록증, 경로우대증, 운전면허증, 여권 등 공공기관에서 발행한 사진이 들어간 본인임을 확인할 수 ","친권자 혹은 후견인이 예금보험금 수령 열기 친권자 본인의 확인 증명 주민등록증, 경로우대증, 운전면허증, 여권 등 공공기관에서"
91,yesom,예금보험금 안내,보험금신청서류,kdic-www-sp-dpstrprot-DpsmIbamtAplyPossDcmnt-selectScrn;kdic-fins-cm-bbs-selectFaqNramtAply,kdic-www-sp-dpstrprot-DpsmIbamtAplyPossDcmnt-selectScrn#00;kdic-www-sp-dpstrprot-DpsmIbamtAplyPossDcmnt-selectScrn#01;kdic-www-sp-dpstrprot-DpsmIbamtAplyPossDcmnt-selectScrn#02,4,0,0,0,kdic-www-sp-dpstrprot-DpsmIbamtAplyProc-selectScrn#00,0.032,kdic-www-sp-dpstrprot-DpsmIbamtExpln-selectScrn#02,0.0315,kdic-www-sp-dpstrprot-ProtSystHrpeHistInq-selectScrn#01,0.0304,"01 예금자 본인이 찾을 경우 열기 예금자 본인의 확인 증명 주민등록증, 경로우대증, 운전면허증, 여권 등 공공기관에서 발행한 사진이 들어간 본인임을 확인할 수 ",01 부보금융회사 보험사고 발생 열기 1종 보험사고 금융회사의 재무상황 악화 등으로 인해 예금의 지급이 정지된 경우 2종 보험
92,yesom,예금자보호제도,예금자보호 제도 보호 금융 상품,kdic-www-sp-dpstrprot-selectProtSystProtTrgtPrdctSumr,kdic-www-sp-dpstrprot-selectProtSystProtTrgtPrdctSumr#00;kdic-www-sp-dpstrprot-selectProtSystProtTrgtPrdctSumr#01;kdic-www-sp-dpstrprot-selectProtSystProtTrgtPrdctSumr#02,10,3,0,1,kdic-www-sp-dpstrprot-ProtSystFaq-selectScrn#03,0.0325,kdic-www-sp-dpstrprot-ProtSystProtLmts-selectScrn#00,0.031,kdic-www-sp-dpstrprot-selectProtSystProtTrgtPrdctSumr#01,0.0303,예금보험공사는 예금보험 가입 금융회사가 취급하는 '예금' 등 만을 보호합니다. 그런데 여기서 꼭 알아두어야 할 점은 모든 금융상품이 보호대상 '예금' 등에 해당하,질문 어떤 금융상품이 보호되나요? 답변 ☞ 예금보험공사 홈페이지 > 제도·정책 > 예금자보호제도 > 보호대상 > 금융상품 보호
93,yesom,예금자보호제도,예금자보호 제도 보호 되지 않는 금융 상품,kdic-www-sp-dpstrprot-selectProtSystProtTrgtPrdctSumr,kdic-www-sp-dpstrprot-selectProtSystProtTrgtPrdctSumr#00;kdic-www-sp-dpstrprot-selectProtSystProtTrgtPrdctSumr#01;kdic-www-sp-dpstrprot-selectProtSystProtTrgtPrdctSumr#02,10,2,0,1,kdic-www-sp-dpstrprot-ProtSystProtLmts-selectScrn#00,0.0308,kdic-www-sp-dpstrprot-selectProtSystProtTrgtPrdctSumr#00,0.0304,kdic-www-sp-dpstrprot-ProtSystFaq-selectScrn#04,0.0301,예금보험공사는 예금보험 가입 금융회사가 취급하는 '예금' 등 만을 보호합니다. 그런데 여기서 꼭 알아두어야 할 점은 모든 금융상품이 보호대상 '예금' 등에 해당하,예금자보호제도는 다수의 소액예금자를 우선 보호하고 부실 금융회사를 선택한 예금자도 일정부분 책임을 분담한다는 차원에서 예금의 
94,yesom,고객 미수령금 신청,국외거주 또는 유학생 신청서류,kdic-www-sp-dpstrprot-DpsmIbamtAplyPossDcmnt-selectScrn;kdic-fins-cm-bbs-selectFaqNramtAply,kdic-www-sp-dpstrprot-DpsmIbamtAplyPossDcmnt-selectScrn#00;kdic-www-sp-dpstrprot-DpsmIbamtAplyPossDcmnt-selectScrn#01;kdic-www-sp-dpstrprot-DpsmIbamtAplyPossDcmnt-selectScrn#02,4,1,1,1,kdic-www-sp-dpstrprot-DpsmIbamtAplyPossDcmnt-selectScrn#02,0.0325,kdic-www-rb-lbltajmt-LbltAjmtSprtLbltAjmtSyst-selectScrn#01,0.032,kdic-www-rb-lbltajmt-LbltAjmtSprtCredRcvrySprt-selectScrn#02,0.0306,"01 예금자 본인이 찾을 경우 열기 예금자 본인의 확인 증명 주민등록증, 경로우대증, 운전면허증, 여권 등 공공기관에서 발행한 사진이 들어간 본인임을 확인할 수 ","의서(양식에 구애받지 않고 동의한 사실이 나타나면 됨)를 받으면 예외적으로 방문없이 신청이 가능하며, 추후 동 각서나 동의서를"
95,yesom,은닉재산 신고,방문 신고방법,kdic-www-sp-sprtfund-SprtCncmDclrInqGudn-selectScrn;kdic-www-sp-sprtfund-SprtFndCncmDclrGudn-selectScrn,kdic-www-sp-sprtfund-SprtFndCncmDclrGudn-selectScrn#00;kdic-www-sp-sprtfund-SprtFndCncmDclrGudn-selectScrn#01;kdic-www-sp-sprtfund-SprtFndCncmDclrGudn-selectScrn#02,6,1,1,1,kdic-www-sp-sprtfund-SprtFndCncmDclrGudn-selectScrn#03,0.0328,kdic-www-sp-kmrs-kmrsItrdAplyMthd-selectScrn#00,0.032,kdic-www-sp-sprtfund-SprtCncmDclrInqGudn-selectScrn#00,0.0313,은닉재산 신고 일반 국민이 금융부실관련자 1 아래 도움말 참조 의 은닉재산 2 아래 도움말 참조 정보를 쉽고 편리하게 신고하도록 하기 위하여 공사 내 은닉재산 신,신고방법 상담전화(이메일) : 02-758-0102~04 ( cpreport@kdic.or.kr ) (필요시 공사 직원이 신고
96,yesom,은닉재산 신고,우편 신고방법,kdic-www-sp-sprtfund-SprtCncmDclrInqGudn-selectScrn;kdic-www-sp-sprtfund-SprtFndCncmDclrGudn-selectScrn,kdic-www-sp-sprtfund-SprtFndCncmDclrGudn-selectScrn#00;kdic-www-sp-sprtfund-SprtFndCncmDclrGudn-selectScrn#01;kdic-www-sp-sprtfund-SprtFndCncmDclrGudn-selectScrn#02,6,1,1,1,kdic-www-sp-sprtfund-SprtFndCncmDclrGudn-selectScrn#03,0.0325,kdic-www-sp-sprtfund-SprtFndDebtDlngAplyGudn-selectScrn#01,0.032,kdic-www-sp-sprtfund-SprtFndCncmDclrFaq-selectScrn#02,0.0315,은닉재산 신고 일반 국민이 금융부실관련자 1 아래 도움말 참조 의 은닉재산 2 아래 도움말 참조 정보를 쉽고 편리하게 신고하도록 하기 위하여 공사 내 은닉재산 신,신고방법 상담전화(이메일) : 02-758-0102~04 ( cpreport@kdic.or.kr ) (필요시 공사 직원이 신고
97,yesom,은닉재산 신고,이메일 신고방법,kdic-www-sp-sprtfund-SprtCncmDclrInqGudn-selectScrn;kdic-www-sp-sprtfund-SprtFndCncmDclrGudn-selectScrn,kdic-www-sp-sprtfund-SprtFndCncmDclrGudn-selectScrn#00;kdic-www-sp-sprtfund-SprtFndCncmDclrGudn-selectScrn#01;kdic-www-sp-sprtfund-SprtFndCncmDclrGudn-selectScrn#02,6,1,1,1,kdic-www-sp-sprtfund-SprtFndCncmDclrGudn-selectScrn#03,0.0328,kdic-www-sp-sprtfund-SprtCncmDclrInqGudn-selectScrn#00,0.0313,kdic-www-sp-sprtfund-SprtFndCncmDclrFaq-selectScrn#02,0.031,은닉재산 신고 일반 국민이 금융부실관련자 1 아래 도움말 참조 의 은닉재산 2 아래 도움말 참조 정보를 쉽고 편리하게 신고하도록 하기 위하여 공사 내 은닉재산 신,신고방법 상담전화(이메일) : 02-758-0102~04 ( cpreport@kdic.or.kr ) (필요시 공사 직원이 신고
98,yesom,은닉재산 신고,인터넷 신고방법,kdic-www-sp-sprtfund-SprtCncmDclrInqGudn-selectScrn;kdic-www-sp-sprtfund-SprtFndCncmDclrGudn-selectScrn,kdic-www-sp-sprtfund-SprtFndCncmDclrGudn-selectScrn#00;kdic-www-sp-sprtfund-SprtFndCncmDclrGudn-selectScrn#01;kdic-www-sp-sprtfund-SprtFndCncmDclrGudn-selectScrn#02,6,1,1,1,kdic-www-sp-sprtfund-SprtFndCncmDclrGudn-selectScrn#03,0.0325,kdic-www-sp-sprtfund-SprtFndCncmDclrFaq-selectScrn#02,0.0325,kdic-www-sp-sprtfund-SprtCncmDclrInqGudn-selectScrn#00,0.0313,은닉재산 신고 일반 국민이 금융부실관련자 1 아래 도움말 참조 의 은닉재산 2 아래 도움말 참조 정보를 쉽고 편리하게 신고하도록 하기 위하여 공사 내 은닉재산 신,신고방법 상담전화(이메일) : 02-758-0102~04 ( cpreport@kdic.or.kr ) (필요시 공사 직원이 신고
99,yesom,예금보험금 안내,인터넷 신청방법,kdic-www-sp-dpstrprot-DpsmIbamtAplyProc-selectScrn,kdic-www-sp-dpstrprot-DpsmIbamtAplyProc-selectScrn#00;kdic-www-sp-dpstrprot-DpsmIbamtAplyProc-selectScrn#01,2,0,0,0,kdic-www-sp-kmrs-kmrsItrdAplyMthd-selectScrn#00,0.0323,kdic-www-sp-sprtfund-SprtFndDebtDlngAplyGudn-selectScrn#00,0.0323,kdic-www-sp-sprtfund-SprtFndDebtDlngAplyGudn-selectScrn#01,0.0318,"01 부보금융회사 보험사고 발생 열기 1종 보험사고 금융회사의 재무상황 악화 등으로 인해 예금의 지급이 정지된 경우 2종 보험사고 금융회사가 인 · 허가 취소, ",신청방법 온라인 신청 사이트 : fins.kdic.or.kr (상단 아이콘 클릭 시 사이트 연결) 접속방법 : PC (모바일은
100,yesom,착오송금 반환 신청,착오송금반환 인터넷 신청,kdic-www-sp-kmrs-kmrsItrdAplyMthd-selectScrn,kdic-www-sp-kmrs-kmrsItrdAplyMthd-selectScrn#00,1,1,1,1,kdic-www-sp-kmrs-kmrsItrdAplyMthd-selectScrn#00,0.032,kdic-www-sp-kmrs-kmrsItrdProc-selectScrn#00,0.032,kdic-www-sp-kmrs-kmrsItrd-selectScrn#00,0.032,신청방법 온라인 신청 사이트 : fins.kdic.or.kr (상단 아이콘 클릭 시 사이트 연결) 접속방법 : PC (모바일은 추후 지원 예정) 준비물 : 공동인,신청방법 온라인 신청 사이트 : fins.kdic.or.kr (상단 아이콘 클릭 시 사이트 연결) 접속방법 : PC (모바일은
101,yesom,착오송금 반환 신청,착오송금반환 신청 서류,kdic-fins-ir-aplygudn-MsdrprPossDcmntGudn-selectScrn;kdic-www-sp-kmrs-kmrsItrdAplyMthd-selectScrn,kdic-www-sp-kmrs-kmrsItrdAplyMthd-selectScrn#00,1,4,0,0,kdic-www-sp-kmrs-kmrsItrdProc-selectScrn#00,0.0328,kdic-www-sp-kmrs-kmrsItrd-selectScrn#00,0.032,kdic-www-sp-kmrs-kmrsItrdAplyTrgt-selectScrn#00,0.0318,신청방법 온라인 신청 사이트 : fins.kdic.or.kr (상단 아이콘 클릭 시 사이트 연결) 접속방법 : PC (모바일은 추후 지원 예정) 준비물 : 공동인,"착오송금반환지원 절차 ( 착오송금인-예금보험공사-착오송금 수취인, 중앙행정기관 금융회사등 - 예금보험공사 - 법원 ) 1. 착"
102,yesom,착오송금 반환 신청,착오송금 이의제기 방문 신청,kdic-fins-ir-aplygudn-MsdrAddrsePossDcmntGudn-selectScrn,,0,0,0,0,kdic-www-sp-kmrs-kmrsItrdProc-selectScrn#00,0.0325,kdic-www-sp-kmrs-kmrsItrdAplyMthd-selectScrn#00,0.032,kdic-www-sp-kmrs-kmrsItrdAplyTrgt-selectScrn#00,0.0313,(GT청크없음),"착오송금반환지원 절차 ( 착오송금인-예금보험공사-착오송금 수취인, 중앙행정기관 금융회사등 - 예금보험공사 - 법원 ) 1. 착"
103,yesom,착오송금 반환 신청,착오송금 이의제기 인터넷 신청,kdic-fins-ir-aplygudn-MsdrAddrsePossDcmntGudn-selectScrn,,0,0,0,0,kdic-www-sp-kmrs-kmrsItrdAplyTrgt-selectScrn#00,0.0323,kdic-www-sp-kmrs-kmrsItrdAplyMthd-selectScrn#00,0.032,kdic-www-sp-kmrs-kmrsItrdProc-selectScrn#00,0.032,(GT청크없음),신청 가능한 착오송금 금액 한도가 있나요? 신청 가능 한도는 착오송금 건당 5만원 이상 ~ 1억원 이하 입니다. 언제까지 신청
104,yesom,착오송금 반환 신청,착오송금수취인 이체수수료환급 방문 신청,kdic-fins-ir-aplygudn-MsdrAddrsePossDcmntGudn-selectScrn,,0,0,0,0,kdic-www-sp-kmrs-kmrsItrdProc-selectScrn#00,0.0325,kdic-www-sp-kmrs-kmrsItrdAplyMthd-selectScrn#00,0.0323,kdic-www-sp-kmrs-kmrsItrdAplyTrgt-selectScrn#00,0.032,(GT청크없음),"착오송금반환지원 절차 ( 착오송금인-예금보험공사-착오송금 수취인, 중앙행정기관 금융회사등 - 예금보험공사 - 법원 ) 1. 착"
105,yesom,착오송금 반환 신청,착오송금수취인 이체수수료환급 인터넷 신청,kdic-fins-ir-aplygudn-MsdrAddrsePossDcmntGudn-selectScrn,,0,0,0,0,kdic-www-sp-kmrs-kmrsItrdAplyMthd-selectScrn#00,0.0323,kdic-www-sp-kmrs-kmrsItrdAplyTrgt-selectScrn#00,0.0323,kdic-www-sp-kmrs-kmrsItrdProc-selectScrn#00,0.032,(GT청크없음),신청방법 온라인 신청 사이트 : fins.kdic.or.kr (상단 아이콘 클릭 시 사이트 연결) 접속방법 : PC (모바일은
106,yesom,예금보험금 안내,국외거주 또는 유학생 신청서류 (보험금신청서류),kdic-www-sp-dpstrprot-DpsmIbamtAplyPossDcmnt-selectScrn;kdic-fins-cm-bbs-selectFaqNramtAply,kdic-www-sp-dpstrprot-DpsmIbamtAplyPossDcmnt-selectScrn#00;kdic-www-sp-dpstrprot-DpsmIbamtAplyPossDcmnt-selectScrn#01;kdic-www-sp-dpstrprot-DpsmIbamtAplyPossDcmnt-selectScrn#02,4,4,0,0,kdic-www-rb-lbltajmt-LbltAjmtSprtLbltAjmtSyst-selectScrn#01,0.0323,kdic-www-sp-kmrs-kmrsItrdAplyMthd-selectScrn#00,0.0315,kdic-www-sp-dpstrprot-DpsmIbamtExpln-selectScrn#02,0.0303,"01 예금자 본인이 찾을 경우 열기 예금자 본인의 확인 증명 주민등록증, 경로우대증, 운전면허증, 여권 등 공공기관에서 발행한 사진이 들어간 본인임을 확인할 수 ","주민등록 등ㆍ초본 및 신분증(주민등록증, 운전면허증) 소득증명서류(급여명세서, 근로소득원천징수영수증 등) 재산증명서류(부동산등"
107,yesom,착오송금 반환 신청,국외거주 또는 유학생 신청서류 (착오송금반환 신청 서류),kdic-fins-ir-aplygudn-MsdrprPossDcmntGudn-selectScrn,,0,0,0,0,kdic-www-sp-kmrs-kmrsItrdAplyMthd-selectScrn#00,0.032,kdic-www-sp-kmrs-kmrsItrdProc-selectScrn#00,0.032,kdic-www-sp-dpstrprot-DpsmIbamtAplyPossDcmnt-selectScrn#02,0.0317,(GT청크없음),신청방법 온라인 신청 사이트 : fins.kdic.or.kr (상단 아이콘 클릭 시 사이트 연결) 접속방법 : PC (모바일은
108,yesom,예금보험금 안내,군복무자 신청서류,kdic-www-sp-dpstrprot-DpsmIbamtAplyPossDcmnt-selectScrn;kdic-fins-cm-bbs-selectFaqNramtAply,kdic-www-sp-dpstrprot-DpsmIbamtAplyPossDcmnt-selectScrn#00;kdic-www-sp-dpstrprot-DpsmIbamtAplyPossDcmnt-selectScrn#01;kdic-www-sp-dpstrprot-DpsmIbamtAplyPossDcmnt-selectScrn#02,4,1,1,1,kdic-www-sp-dpstrprot-DpsmIbamtAplyPossDcmnt-selectScrn#02,0.0323,kdic-www-rb-lbltajmt-LbltAjmtSprtLbltAjmtSyst-selectScrn#01,0.032,kdic-www-rb-lbltajmt-LbltAjmtSprtCredRcvrySprt-selectScrn#02,0.0308,"01 예금자 본인이 찾을 경우 열기 예금자 본인의 확인 증명 주민등록증, 경로우대증, 운전면허증, 여권 등 공공기관에서 발행한 사진이 들어간 본인임을 확인할 수 ","의서(양식에 구애받지 않고 동의한 사실이 나타나면 됨)를 받으면 예외적으로 방문없이 신청이 가능하며, 추후 동 각서나 동의서를"
109,yesom,착오송금 반환 신청,군복무자 신청서류 (착오송금반환 신청 서류),kdic-fins-ir-aplygudn-MsdrprPossDcmntGudn-selectScrn,,0,0,0,0,kdic-www-sp-kmrs-kmrsItrdProc-selectScrn#00,0.0325,kdic-www-sp-kmrs-kmrsItrdAplyMthd-selectScrn#00,0.0313,kdic-www-sp-dpstrprot-DpsmIbamtAplyPossDcmnt-selectScrn#02,0.0312,(GT청크없음),"착오송금반환지원 절차 ( 착오송금인-예금보험공사-착오송금 수취인, 중앙행정기관 금융회사등 - 예금보험공사 - 법원 ) 1. 착"
110,yesom,예금보험금 안내,대리인 신청서류 (보험금신청서류),kdic-www-sp-dpstrprot-DpsmIbamtAplyPossDcmnt-selectScrn;kdic-fins-cm-bbs-selectFaqNramtAply,kdic-www-sp-dpstrprot-DpsmIbamtAplyPossDcmnt-selectScrn#00;kdic-www-sp-dpstrprot-DpsmIbamtAplyPossDcmnt-selectScrn#01;kdic-www-sp-dpstrprot-DpsmIbamtAplyPossDcmnt-selectScrn#02,4,8,0,0,kdic-www-rb-lbltajmt-LbltAjmtSprtLbltAjmtSyst-selectScrn#01,0.0325,kdic-www-rb-lbltajmt-LbltAjmtSprtCredRcvrySprt-selectScrn#02,0.0323,kdic-www-sp-sprtfund-SprtFndDebtDlngAplyGudn-selectScrn#00,0.0303,"01 예금자 본인이 찾을 경우 열기 예금자 본인의 확인 증명 주민등록증, 경로우대증, 운전면허증, 여권 등 공공기관에서 발행한 사진이 들어간 본인임을 확인할 수 ","주민등록 등ㆍ초본 및 신분증(주민등록증, 운전면허증) 소득증명서류(급여명세서, 근로소득원천징수영수증 등) 재산증명서류(부동산등"
111,yesom,예금보험금 안내,미성년자 신청서류 (보험금신청서류),kdic-www-sp-dpstrprot-DpsmIbamtAplyPossDcmnt-selectScrn;kdic-fins-cm-bbs-selectFaqNramtAply,kdic-www-sp-dpstrprot-DpsmIbamtAplyPossDcmnt-selectScrn#00;kdic-www-sp-dpstrprot-DpsmIbamtAplyPossDcmnt-selectScrn#01;kdic-www-sp-dpstrprot-DpsmIbamtAplyPossDcmnt-selectScrn#02,4,2,0,1,kdic-www-sp-dpstrprot-ProtSystHrpeHistInq-selectScrn#01,0.0313,kdic-www-sp-dpstrprot-DpsmIbamtAplyPossDcmnt-selectScrn#01,0.0305,kdic-www-rb-lbltajmt-LbltAjmtSprtLbltAjmtSyst-selectScrn#01,0.0304,"01 예금자 본인이 찾을 경우 열기 예금자 본인의 확인 증명 주민등록증, 경로우대증, 운전면허증, 여권 등 공공기관에서 발행한 사진이 들어간 본인임을 확인할 수 ","센터 민원실에서도 접수 가능(단,사망일이 속한 달의 말일로부터 6개월 이내에만 신청이 가능) 자세한 사항은 금융감독원 홈페이지"
112,yesom,착오송금 반환 신청,미성년자 신청서류 (착오송금반환 신청 서류),kdic-fins-ir-aplygudn-MsdrprPossDcmntGudn-selectScrn,,0,0,0,0,kdic-www-sp-kmrs-kmrsItrdProc-selectScrn#00,0.0323,kdic-www-sp-kmrs-kmrsItrdAplyMthd-selectScrn#00,0.031,kdic-www-rb-lbltajmt-LbltAjmtSprtLbltAjmtSyst-selectScrn#01,0.0305,(GT청크없음),"착오송금반환지원 절차 ( 착오송금인-예금보험공사-착오송금 수취인, 중앙행정기관 금융회사등 - 예금보험공사 - 법원 ) 1. 착"
113,yesom,착오송금 반환 신청,대리인방문 착오송금반환 신청서류,kdic-fins-ir-aplygudn-MsdrprPossDcmntGudn-selectScrn,,0,0,0,0,kdic-www-sp-kmrs-kmrsItrdProc-selectScrn#00,0.0325,kdic-www-rb-lbltajmt-LbltAjmtSprtCredRcvrySprt-selectScrn#02,0.0315,kdic-www-sp-kmrs-kmrsItrdAplyMthd-selectScrn#00,0.0315,(GT청크없음),"착오송금반환지원 절차 ( 착오송금인-예금보험공사-착오송금 수취인, 중앙행정기관 금융회사등 - 예금보험공사 - 법원 ) 1. 착"
114,yesom,착오송금 반환 신청,본인방문 착오송금반환 신청서류,kdic-fins-ir-aplygudn-MsdrprPossDcmntGudn-selectScrn,,0,0,0,0,kdic-www-sp-kmrs-kmrsItrdAplyMthd-selectScrn#00,0.0323,kdic-www-sp-kmrs-kmrsItrdProc-selectScrn#00,0.032,kdic-www-sp-kmrs-kmrsItrdAplyTrgt-selectScrn#00,0.0315,(GT청크없음),신청방법 온라인 신청 사이트 : fins.kdic.or.kr (상단 아이콘 클릭 시 사이트 연결) 접속방법 : PC (모바일은
115,yesom,예금보험금 안내,법인 및 단체 신청서류 (보험금신청서류),kdic-www-sp-dpstrprot-DpsmIbamtAplyPossDcmnt-selectScrn;kdic-fins-cm-bbs-selectFaqNramtAply,kdic-www-sp-dpstrprot-DpsmIbamtAplyPossDcmnt-selectScrn#00;kdic-www-sp-dpstrprot-DpsmIbamtAplyPossDcmnt-selectScrn#01;kdic-www-sp-dpstrprot-DpsmIbamtAplyPossDcmnt-selectScrn#02,4,0,0,0,kdic-www-sp-dpstrprot-ProtSystFaq-selectScrn#12,0.0318,kdic-www-sp-dpstrprot-DpsmIbamtAplyProc-selectScrn#00,0.0308,kdic-www-rb-lbltajmt-LbltAjmtSprtLbltAjmtSyst-selectScrn#01,0.0308,"01 예금자 본인이 찾을 경우 열기 예금자 본인의 확인 증명 주민등록증, 경로우대증, 운전면허증, 여권 등 공공기관에서 발행한 사진이 들어간 본인임을 확인할 수 ","질문 법인의 예금도 보호되나요? 답변 네. 기업 등 법인의 예금도 개인예금과 마찬가지로 법인별 1억원까지 보호됩니다. 다만, "
116,yesom,착오송금 반환 신청,법인 및 단체 신청서류 (착오송금반환 신청 서류),kdic-fins-ir-aplygudn-MsdrprPossDcmntGudn-selectScrn,,0,0,0,0,kdic-www-sp-kmrs-kmrsItrdProc-selectScrn#00,0.0325,kdic-www-sp-kmrs-kmrsItrdAplyMthd-selectScrn#00,0.0317,kdic-www-rb-lbltajmt-LbltAjmtSprtCredRcvrySprt-selectScrn#02,0.0305,(GT청크없음),"착오송금반환지원 절차 ( 착오송금인-예금보험공사-착오송금 수취인, 중앙행정기관 금융회사등 - 예금보험공사 - 법원 ) 1. 착"
117,yesom,예금자보호제도,보호 금융상품 - 보험회사,kdic-www-sp-dpstrprot-selectProtSystProtTrgtPrdctSumr,kdic-www-sp-dpstrprot-selectProtSystProtTrgtPrdctSumr#00;kdic-www-sp-dpstrprot-selectProtSystProtTrgtPrdctSumr#01;kdic-www-sp-dpstrprot-selectProtSystProtTrgtPrdctSumr#02,10,3,0,1,kdic-www-sp-dpstrprot-ProtSystFaq-selectScrn#03,0.0323,kdic-www-sp-dpstrprot-ProtSystProtGudn-selectScrn#00,0.0313,kdic-www-sp-dpstrprot-selectProtSystProtTrgtPrdctSumr#05,0.0306,예금보험공사는 예금보험 가입 금융회사가 취급하는 '예금' 등 만을 보호합니다. 그런데 여기서 꼭 알아두어야 할 점은 모든 금융상품이 보호대상 '예금' 등에 해당하,질문 어떤 금융상품이 보호되나요? 답변 ☞ 예금보험공사 홈페이지 > 제도·정책 > 예금자보호제도 > 보호대상 > 금융상품 보호
118,yesom,예금자보호제도,보호 금융상품 - 상호저축은행 및 상호저축은행 중앙회,kdic-www-sp-dpstrprot-selectProtSystProtTrgtPrdctSumr,kdic-www-sp-dpstrprot-selectProtSystProtTrgtPrdctSumr#00;kdic-www-sp-dpstrprot-selectProtSystProtTrgtPrdctSumr#01;kdic-www-sp-dpstrprot-selectProtSystProtTrgtPrdctSumr#02,10,1,1,1,kdic-www-sp-dpstrprot-selectProtSystProtTrgtPrdctSumr#08,0.032,kdic-www-sp-dpstrprot-ProtSystFaq-selectScrn#02,0.0315,kdic-www-sp-dpstrprot-selectProtSystProtSumr#00,0.031,예금보험공사는 예금보험 가입 금융회사가 취급하는 '예금' 등 만을 보호합니다. 그런데 여기서 꼭 알아두어야 할 점은 모든 금융상품이 보호대상 '예금' 등에 해당하,예금보호대상 금융상품으로 운용되는 확정기여형 퇴직연금제도 및 개인형 퇴직연금제도의 적립금 2 아래 도움말 참조 개인종합자산관리
119,yesom,예금자보호제도,보호 금융상품 - 은행,kdic-www-sp-dpstrprot-selectProtSystProtTrgtPrdctSumr,kdic-www-sp-dpstrprot-selectProtSystProtTrgtPrdctSumr#00;kdic-www-sp-dpstrprot-selectProtSystProtTrgtPrdctSumr#01;kdic-www-sp-dpstrprot-selectProtSystProtTrgtPrdctSumr#02,10,2,0,1,kdic-www-sp-dpstrprot-ProtSystFaq-selectScrn#03,0.0325,kdic-www-sp-dpstrprot-selectProtSystProtTrgtPrdctSumr#08,0.0317,kdic-www-sp-dpstrprot-ProtSystFaq-selectScrn#08,0.0306,예금보험공사는 예금보험 가입 금융회사가 취급하는 '예금' 등 만을 보호합니다. 그런데 여기서 꼭 알아두어야 할 점은 모든 금융상품이 보호대상 '예금' 등에 해당하,질문 어떤 금융상품이 보호되나요? 답변 ☞ 예금보험공사 홈페이지 > 제도·정책 > 예금자보호제도 > 보호대상 > 금융상품 보호
120,yesom,예금자보호제도,보호 금융상품 - 종합금융회사,kdic-www-sp-dpstrprot-selectProtSystProtTrgtPrdctSumr,kdic-www-sp-dpstrprot-selectProtSystProtTrgtPrdctSumr#00;kdic-www-sp-dpstrprot-selectProtSystProtTrgtPrdctSumr#01;kdic-www-sp-dpstrprot-selectProtSystProtTrgtPrdctSumr#02,10,4,0,0,kdic-www-sp-dpstrprot-ProtSystFaq-selectScrn#03,0.032,kdic-www-sp-dpstrprot-selectProtSystProtSumr#00,0.032,kdic-www-sp-dpstrprot-ProtSystProtGudn-selectScrn#00,0.0302,예금보험공사는 예금보험 가입 금융회사가 취급하는 '예금' 등 만을 보호합니다. 그런데 여기서 꼭 알아두어야 할 점은 모든 금융상품이 보호대상 '예금' 등에 해당하,질문 어떤 금융상품이 보호되나요? 답변 ☞ 예금보험공사 홈페이지 > 제도·정책 > 예금자보호제도 > 보호대상 > 금융상품 보호
121,yesom,예금자보호제도,보호 금융상품 - 투자매매업자 / 투자중개업자,kdic-www-sp-dpstrprot-selectProtSystProtTrgtPrdctSumr,kdic-www-sp-dpstrprot-selectProtSystProtTrgtPrdctSumr#00;kdic-www-sp-dpstrprot-selectProtSystProtTrgtPrdctSumr#01;kdic-www-sp-dpstrprot-selectProtSystProtTrgtPrdctSumr#02,10,2,0,1,kdic-www-sp-dpstrprot-selectProtSystProtSumr#00,0.0328,kdic-www-sp-dpstrprot-selectProtSystProtTrgtPrdctSumr#02,0.0312,kdic-www-sp-dpstrprot-selectProtSystProtSumr#02,0.0304,예금보험공사는 예금보험 가입 금융회사가 취급하는 '예금' 등 만을 보호합니다. 그런데 여기서 꼭 알아두어야 할 점은 모든 금융상품이 보호대상 '예금' 등에 해당하,"보호대상 금융회사는 은행, 보험회사(생명보험·손해보험회사), 투자매매업자·투자중개업자*, 종합금융회사, 상호저축은행 입니다. "
122,yesom,예금보험금 안내,예금자 본인 신청서류 (보험금신청서류),kdic-www-sp-dpstrprot-DpsmIbamtAplyPossDcmnt-selectScrn;kdic-fins-cm-bbs-selectFaqNramtAply,kdic-www-sp-dpstrprot-DpsmIbamtAplyPossDcmnt-selectScrn#00;kdic-www-sp-dpstrprot-DpsmIbamtAplyPossDcmnt-selectScrn#01;kdic-www-sp-dpstrprot-DpsmIbamtAplyPossDcmnt-selectScrn#02,4,3,0,1,kdic-www-sp-dpstrprot-DpsmIbamtExpln-selectScrn#02,0.0318,kdic-www-sp-kmrs-kmrsItrdAplyMthd-selectScrn#00,0.0308,kdic-www-sp-dpstrprot-DpsmIbamtAplyPossDcmnt-selectScrn#00,0.0304,"01 예금자 본인이 찾을 경우 열기 예금자 본인의 확인 증명 주민등록증, 경로우대증, 운전면허증, 여권 등 공공기관에서 발행한 사진이 들어간 본인임을 확인할 수 ","예금보험금은 아래의 공사 공시이율과 약정이율 중 낮은 금리를 적용 ※ 은행·저축은행·종합금융업 : 2.27% , 투자매매·투자"
123,yesom,고객 미수령금 신청,상속인 본인 확인 증명 신분증,kdic-www-sp-dpstrprot-DpsmIbamtAplyPossDcmnt-selectScrn;kdic-www-sp-dpstrprot-ProtSystHrpeHistInq-selectScrn;kdic-fins-cm-bbs-selectFaqNramtAply,kdic-www-sp-dpstrprot-DpsmIbamtAplyPossDcmnt-selectScrn#00;kdic-www-sp-dpstrprot-DpsmIbamtAplyPossDcmnt-selectScrn#01;kdic-www-sp-dpstrprot-DpsmIbamtAplyPossDcmnt-selectScrn#02,6,1,1,1,kdic-www-sp-dpstrprot-DpsmIbamtAplyPossDcmnt-selectScrn#01,0.0328,kdic-www-sp-dpstrprot-DpsmIbamtAplyPossDcmnt-selectScrn#00,0.032,kdic-www-rb-lbltajmt-LbltAjmtSprtLbltAjmtSyst-selectScrn#01,0.031,"01 예금자 본인이 찾을 경우 열기 예금자 본인의 확인 증명 주민등록증, 경로우대증, 운전면허증, 여권 등 공공기관에서 발행한 사진이 들어간 본인임을 확인할 수 ","친권자 혹은 후견인이 예금보험금 수령 열기 친권자 본인의 확인 증명 주민등록증, 경로우대증, 운전면허증, 여권 등 공공기관에서"
124,yesom,착오송금 반환 신청,예금자 본인 신청서류 (착오송금반환 신청 서류),kdic-fins-ir-aplygudn-MsdrprPossDcmntGudn-selectScrn,,0,0,0,0,kdic-www-sp-kmrs-kmrsItrdAplyMthd-selectScrn#00,0.0323,kdic-www-sp-kmrs-kmrsItrdProc-selectScrn#00,0.032,kdic-www-sp-kmrs-kmrsItrdAplyTrgt-selectScrn#00,0.0313,(GT청크없음),신청방법 온라인 신청 사이트 : fins.kdic.or.kr (상단 아이콘 클릭 시 사이트 연결) 접속방법 : PC (모바일은
125,yesom,착오송금 반환 신청,비법인단체 신청서류,kdic-fins-ir-aplygudn-MsdrprPossDcmntGudn-selectScrn,,0,0,0,0,kdic-www-rb-lbltajmt-LbltAjmtSprtLbltAjmtSyst-selectScrn#01,0.0313,kdic-www-rb-lbltajmt-LbltAjmtSprtCredRcvrySprt-selectScrn#02,0.0301,kdic-www-sp-kmrs-kmrsItrdAplyMthd-selectScrn#00,0.0299,(GT청크없음),"주민등록 등ㆍ초본 및 신분증(주민등록증, 운전면허증) 소득증명서류(급여명세서, 근로소득원천징수영수증 등) 재산증명서류(부동산등"
126,yesom,예금자보호제도,비보호 금융상품 - 보험회사,kdic-www-sp-dpstrprot-selectProtSystProtTrgtPrdctSumr,kdic-www-sp-dpstrprot-selectProtSystProtTrgtPrdctSumr#00;kdic-www-sp-dpstrprot-selectProtSystProtTrgtPrdctSumr#01;kdic-www-sp-dpstrprot-selectProtSystProtTrgtPrdctSumr#02,10,1,1,1,kdic-www-sp-dpstrprot-selectProtSystProtTrgtPrdctSumr#00,0.0325,kdic-www-sp-dpstrprot-ProtSystFaq-selectScrn#03,0.0315,kdic-www-sp-dpstrprot-ProtSystFaq-selectScrn#04,0.0306,예금보험공사는 예금보험 가입 금융회사가 취급하는 '예금' 등 만을 보호합니다. 그런데 여기서 꼭 알아두어야 할 점은 모든 금융상품이 보호대상 '예금' 등에 해당하,예금보험공사는 예금보험 가입 금융회사가 취급하는 '예금' 등 만을 보호합니다. 그런데 여기서 꼭 알아두어야 할 점은 모든 금융
127,yesom,예금자보호제도,비보호 금융상품 - 상호저축은행 및 상호저축은행 중앙회,kdic-www-sp-dpstrprot-selectProtSystProtTrgtPrdctSumr,kdic-www-sp-dpstrprot-selectProtSystProtTrgtPrdctSumr#00;kdic-www-sp-dpstrprot-selectProtSystProtTrgtPrdctSumr#01;kdic-www-sp-dpstrprot-selectProtSystProtTrgtPrdctSumr#02,10,1,1,1,kdic-www-sp-dpstrprot-selectProtSystProtTrgtPrdctSumr#08,0.0318,kdic-www-sp-dpstrprot-ProtSystFaq-selectScrn#02,0.0315,kdic-www-sp-dpstrprot-selectProtSystProtTrgtPrdctSumr#00,0.0313,예금보험공사는 예금보험 가입 금융회사가 취급하는 '예금' 등 만을 보호합니다. 그런데 여기서 꼭 알아두어야 할 점은 모든 금융상품이 보호대상 '예금' 등에 해당하,예금보호대상 금융상품으로 운용되는 확정기여형 퇴직연금제도 및 개인형 퇴직연금제도의 적립금 2 아래 도움말 참조 개인종합자산관리
128,yesom,예금자보호제도,비보호 금융상품 - 은행,kdic-www-sp-dpstrprot-selectProtSystProtTrgtPrdctSumr,kdic-www-sp-dpstrprot-selectProtSystProtTrgtPrdctSumr#00;kdic-www-sp-dpstrprot-selectProtSystProtTrgtPrdctSumr#01;kdic-www-sp-dpstrprot-selectProtSystProtTrgtPrdctSumr#02,10,2,0,1,kdic-www-sp-dpstrprot-ProtSystFaq-selectScrn#03,0.0325,kdic-www-sp-dpstrprot-selectProtSystProtTrgtPrdctSumr#00,0.0315,kdic-www-sp-dpstrprot-ProtSystFaq-selectScrn#04,0.0303,예금보험공사는 예금보험 가입 금융회사가 취급하는 '예금' 등 만을 보호합니다. 그런데 여기서 꼭 알아두어야 할 점은 모든 금융상품이 보호대상 '예금' 등에 해당하,질문 어떤 금융상품이 보호되나요? 답변 ☞ 예금보험공사 홈페이지 > 제도·정책 > 예금자보호제도 > 보호대상 > 금융상품 보호
129,yesom,예금자보호제도,비보호 금융상품 - 종합금융회사,kdic-www-sp-dpstrprot-selectProtSystProtTrgtPrdctSumr,kdic-www-sp-dpstrprot-selectProtSystProtTrgtPrdctSumr#00;kdic-www-sp-dpstrprot-selectProtSystProtTrgtPrdctSumr#01;kdic-www-sp-dpstrprot-selectProtSystProtTrgtPrdctSumr#02,10,3,0,1,kdic-www-sp-dpstrprot-ProtSystFaq-selectScrn#03,0.0318,kdic-www-sp-dpstrprot-selectProtSystProtSumr#00,0.0317,kdic-www-sp-dpstrprot-selectProtSystProtTrgtPrdctSumr#00,0.0315,예금보험공사는 예금보험 가입 금융회사가 취급하는 '예금' 등 만을 보호합니다. 그런데 여기서 꼭 알아두어야 할 점은 모든 금융상품이 보호대상 '예금' 등에 해당하,질문 어떤 금융상품이 보호되나요? 답변 ☞ 예금보험공사 홈페이지 > 제도·정책 > 예금자보호제도 > 보호대상 > 금융상품 보호
130,yesom,예금자보호제도,비보호 금융상품 - 투자매매업자 / 투자중개업자,kdic-www-sp-dpstrprot-selectProtSystProtTrgtPrdctSumr,kdic-www-sp-dpstrprot-selectProtSystProtTrgtPrdctSumr#00;kdic-www-sp-dpstrprot-selectProtSystProtTrgtPrdctSumr#01;kdic-www-sp-dpstrprot-selectProtSystProtTrgtPrdctSumr#02,10,3,0,1,kdic-www-sp-dpstrprot-selectProtSystProtSumr#00,0.0328,kdic-www-sp-dpstrprot-selectProtSystProtSumr#02,0.032,kdic-www-sp-dpstrprot-selectProtSystProtTrgtPrdctSumr#00,0.0313,예금보험공사는 예금보험 가입 금융회사가 취급하는 '예금' 등 만을 보호합니다. 그런데 여기서 꼭 알아두어야 할 점은 모든 금융상품이 보호대상 '예금' 등에 해당하,"보호대상 금융회사는 은행, 보험회사(생명보험·손해보험회사), 투자매매업자·투자중개업자*, 종합금융회사, 상호저축은행 입니다. "
131,yesom,예금보험금 안내,사망 예금자 신청서류 (보험금신청서류),kdic-www-sp-dpstrprot-DpsmIbamtAplyPossDcmnt-selectScrn;kdic-fins-cm-bbs-selectFaqNramtAply,kdic-www-sp-dpstrprot-DpsmIbamtAplyPossDcmnt-selectScrn#00;kdic-www-sp-dpstrprot-DpsmIbamtAplyPossDcmnt-selectScrn#01;kdic-www-sp-dpstrprot-DpsmIbamtAplyPossDcmnt-selectScrn#02,4,6,0,0,kdic-www-sp-dpstrprot-ProtSystHrpeHistInq-selectScrn#01,0.0328,kdic-www-sp-dpstrprot-DpsmIbamtAplyProc-selectScrn#00,0.0312,kdic-www-sp-dpstrprot-DpsmIbamtExpln-selectScrn#02,0.0302,"01 예금자 본인이 찾을 경우 열기 예금자 본인의 확인 증명 주민등록증, 경로우대증, 운전면허증, 여권 등 공공기관에서 발행한 사진이 들어간 본인임을 확인할 수 ","센터 민원실에서도 접수 가능(단,사망일이 속한 달의 말일로부터 6개월 이내에만 신청이 가능) 자세한 사항은 금융감독원 홈페이지"
132,yesom,착오송금 반환 신청,대리인 인터넷 신청서류,kdic-fins-ir-aplygudn-MsdrprPossDcmntGudn-selectScrn,,0,0,0,0,kdic-www-sp-sprtfund-SprtFndDebtDlngAplyGudn-selectScrn#00,0.032,kdic-www-rb-lbltajmt-LbltAjmtSprtCredRcvrySprt-selectScrn#02,0.032,kdic-www-sp-sprtfund-SprtFndDebtDlngAplyGudn-selectScrn#01,0.0313,(GT청크없음),예금보험공사에서 관리하는 파산금융회사에 대한 부채증명원/금융거래정보 발급을 도와드리는 서비스 입니다. 신청대상 파산금융회사에 
133,yesom,착오송금 반환 신청,본인 인터넷 신청서류,kdic-fins-ir-aplygudn-MsdrprPossDcmntGudn-selectScrn,,0,0,0,0,kdic-www-sp-kmrs-kmrsItrdAplyMthd-selectScrn#00,0.0325,kdic-www-sp-sprtfund-SprtFndDebtDlngAplyGudn-selectScrn#00,0.0315,kdic-www-sp-sprtfund-SprtFndDebtDlngAplyGudn-selectScrn#01,0.0306,(GT청크없음),신청방법 온라인 신청 사이트 : fins.kdic.or.kr (상단 아이콘 클릭 시 사이트 연결) 접속방법 : PC (모바일은
134,yesom,고객 미수령금 신청,친권자 확인 증명서,kdic-www-sp-dpstrprot-DpsmIbamtAplyPossDcmnt-selectScrn;kdic-fins-cm-bbs-selectFaqNramtAply,kdic-www-sp-dpstrprot-DpsmIbamtAplyPossDcmnt-selectScrn#00;kdic-www-sp-dpstrprot-DpsmIbamtAplyPossDcmnt-selectScrn#01;kdic-www-sp-dpstrprot-DpsmIbamtAplyPossDcmnt-selectScrn#02,4,1,1,1,kdic-www-sp-dpstrprot-DpsmIbamtAplyPossDcmnt-selectScrn#01,0.0328,kdic-www-sp-dpstrprot-DpsmIbamtAplyPossDcmnt-selectScrn#02,0.0323,kdic-www-rb-lbltajmt-LbltAjmtSprtLbltAjmtSyst-selectScrn#01,0.0315,"01 예금자 본인이 찾을 경우 열기 예금자 본인의 확인 증명 주민등록증, 경로우대증, 운전면허증, 여권 등 공공기관에서 발행한 사진이 들어간 본인임을 확인할 수 ","친권자 혹은 후견인이 예금보험금 수령 열기 친권자 본인의 확인 증명 주민등록증, 경로우대증, 운전면허증, 여권 등 공공기관에서"
135,yesom,착오송금 반환 신청,이체확인증 관련자료,kdic-fins-ir-aplygudn-MsdrprPossDcmntGudn-selectScrn;kdic-www-sp-kmrs-kmrsItrdAplyMthd-selectScrn,kdic-www-sp-kmrs-kmrsItrdAplyMthd-selectScrn#00,1,1,1,1,kdic-www-sp-kmrs-kmrsItrdAplyMthd-selectScrn#00,0.0328,kdic-www-sp-dpstrprot-DpsmIbamtAplyPossDcmnt-selectScrn#00,0.0323,kdic-www-sp-dpstrprot-DpsmIbamtAplyPossDcmnt-selectScrn#03,0.0306,신청방법 온라인 신청 사이트 : fins.kdic.or.kr (상단 아이콘 클릭 시 사이트 연결) 접속방법 : PC (모바일은 추후 지원 예정) 준비물 : 공동인,신청방법 온라인 신청 사이트 : fins.kdic.or.kr (상단 아이콘 클릭 시 사이트 연결) 접속방법 : PC (모바일은
136,yesom,착오송금 반환 신청,방문 국외거주 착오송금 서류,kdic-fins-ir-aplygudn-MsdrprPossDcmntGudn-selectScrn,,0,0,0,0,kdic-www-sp-kmrs-kmrsItrdProc-selectScrn#00,0.0325,kdic-www-sp-kmrs-kmrsItrdAplyMthd-selectScrn#00,0.0323,kdic-www-sp-dpstrprot-DpsmIbamtAplyPossDcmnt-selectScrn#02,0.031,(GT청크없음),"착오송금반환지원 절차 ( 착오송금인-예금보험공사-착오송금 수취인, 중앙행정기관 금융회사등 - 예금보험공사 - 법원 ) 1. 착"
137,yesom,착오송금 반환 신청,방문 군복무 착오송금 서류,kdic-fins-ir-aplygudn-MsdrprPossDcmntGudn-selectScrn,,0,0,0,0,kdic-www-sp-dpstrprot-DpsmIbamtAplyPossDcmnt-selectScrn#02,0.0325,kdic-www-sp-kmrs-kmrsItrdProc-selectScrn#00,0.032,kdic-www-sp-kmrs-kmrsItrdAplyMthd-selectScrn#00,0.0315,(GT청크없음),"의서(양식에 구애받지 않고 동의한 사실이 나타나면 됨)를 받으면 예외적으로 방문없이 신청이 가능하며, 추후 동 각서나 동의서를"
138,yesom,착오송금 반환 신청,방문 미성년자 착오송금 서류,kdic-fins-ir-aplygudn-MsdrprPossDcmntGudn-selectScrn,,0,0,0,0,kdic-www-sp-kmrs-kmrsItrdProc-selectScrn#00,0.0315,kdic-www-sp-kmrs-kmrsItrdAplyMthd-selectScrn#00,0.0315,kdic-www-sp-dpstrprot-DpsmIbamtAplyPossDcmnt-selectScrn#02,0.0311,(GT청크없음),"착오송금반환지원 절차 ( 착오송금인-예금보험공사-착오송금 수취인, 중앙행정기관 금융회사등 - 예금보험공사 - 법원 ) 1. 착"
139,yesom,착오송금 반환 신청,법인 및 단체 대표 방문 신청서류,kdic-fins-ir-aplygudn-MsdrprPossDcmntGudn-selectScrn,,0,0,0,0,kdic-www-sp-kmrs-kmrsItrdAplyMthd-selectScrn#00,0.0313,kdic-www-sp-sprtfund-SprtFndCncmDclrGudn-selectScrn#03,0.0302,kdic-www-rb-lbltajmt-LbltAjmtSprtCredRcvrySprt-selectScrn#04,0.0298,(GT청크없음),신청방법 온라인 신청 사이트 : fins.kdic.or.kr (상단 아이콘 클릭 시 사이트 연결) 접속방법 : PC (모바일은
140,yesom,착오송금 반환 신청,법인 및 단체 직원 방문 신청서류,kdic-fins-ir-aplygudn-MsdrprPossDcmntGudn-selectScrn,,0,0,0,0,kdic-www-sp-kmrs-kmrsItrdAplyMthd-selectScrn#00,0.032,kdic-www-sp-sprtfund-SprtFndCncmDclrGudn-selectScrn#03,0.0306,kdic-www-rb-lbltajmt-LbltAjmtSprtCredRcvrySprt-selectScrn#04,0.0302,(GT청크없음),신청방법 온라인 신청 사이트 : fins.kdic.or.kr (상단 아이콘 클릭 시 사이트 연결) 접속방법 : PC (모바일은
141,yesom,착오송금 반환 신청,비법인단체 대표 방문 신청서류,kdic-fins-ir-aplygudn-MsdrprPossDcmntGudn-selectScrn,,0,0,0,0,kdic-www-sp-kmrs-kmrsItrdAplyMthd-selectScrn#00,0.031,kdic-www-sp-sprtfund-SprtFndCncmDclrGudn-selectScrn#03,0.0302,kdic-www-rb-lbltajmt-LbltAjmtSprtCredRcvrySprt-selectScrn#04,0.03,(GT청크없음),신청방법 온라인 신청 사이트 : fins.kdic.or.kr (상단 아이콘 클릭 시 사이트 연결) 접속방법 : PC (모바일은
142,yesom,착오송금 반환 신청,비법인단체 직원 방문 신청서류,kdic-fins-ir-aplygudn-MsdrprPossDcmntGudn-selectScrn,,0,0,0,0,kdic-www-sp-sprtfund-SprtFndCncmDclrGudn-selectScrn#03,0.0315,kdic-www-sp-kmrs-kmrsItrdAplyMthd-selectScrn#00,0.0315,kdic-www-rb-lbltajmt-LbltAjmtSprtCredRcvrySprt-selectScrn#04,0.0302,(GT청크없음),신고방법 상담전화(이메일) : 02-758-0102~04 ( cpreport@kdic.or.kr ) (필요시 공사 직원이 신고
143,yesom,예금보험금 안내,예금자 본인의 자필위임장,kdic-www-sp-dpstrprot-DpsmIbamtAplyPossDcmnt-selectScrn,kdic-www-sp-dpstrprot-DpsmIbamtAplyPossDcmnt-selectScrn#00;kdic-www-sp-dpstrprot-DpsmIbamtAplyPossDcmnt-selectScrn#01;kdic-www-sp-dpstrprot-DpsmIbamtAplyPossDcmnt-selectScrn#02,4,1,1,1,kdic-www-sp-dpstrprot-DpsmIbamtAplyPossDcmnt-selectScrn#03,0.0328,kdic-www-sp-dpstrprot-DpsmIbamtAplyPossDcmnt-selectScrn#00,0.0323,kdic-www-sp-dpstrprot-DpsmIbamtAplyPossDcmnt-selectScrn#01,0.0313,"01 예금자 본인이 찾을 경우 열기 예금자 본인의 확인 증명 주민등록증, 경로우대증, 운전면허증, 여권 등 공공기관에서 발행한 사진이 들어간 본인임을 확인할 수 ","여권 등 공공기관에서 발행한 사진이 들어간 본인임을 확인할 수 있는 증명 학생인 경우 학생증(단, 학원증 등은 불가) 단, 미"
144,yesom,착오송금 반환 신청,인터넷 국외거주 착오송금 서류,kdic-fins-ir-aplygudn-MsdrprPossDcmntGudn-selectScrn,,0,0,0,0,kdic-www-sp-kmrs-kmrsItrdProc-selectScrn#00,0.0323,kdic-www-sp-kmrs-kmrsItrdAplyMthd-selectScrn#00,0.0318,kdic-www-sp-kmrs-kmrsItrdAplyTrgt-selectScrn#00,0.0313,(GT청크없음),"착오송금반환지원 절차 ( 착오송금인-예금보험공사-착오송금 수취인, 중앙행정기관 금융회사등 - 예금보험공사 - 법원 ) 1. 착"
145,yesom,착오송금 반환 신청,인터넷 군복무 착오송금 서류,kdic-fins-ir-aplygudn-MsdrprPossDcmntGudn-selectScrn,,0,0,0,0,kdic-www-sp-kmrs-kmrsItrdProc-selectScrn#00,0.0323,kdic-www-sp-kmrs-kmrsItrdAplyMthd-selectScrn#00,0.0315,kdic-www-sp-kmrs-kmrsItrd-selectScrn#00,0.0315,(GT청크없음),"착오송금반환지원 절차 ( 착오송금인-예금보험공사-착오송금 수취인, 중앙행정기관 금융회사등 - 예금보험공사 - 법원 ) 1. 착"
146,yesom,착오송금 반환 신청,인터넷 미성년자 착오송금 서류,kdic-fins-ir-aplygudn-MsdrprPossDcmntGudn-selectScrn,,0,0,0,0,kdic-www-sp-kmrs-kmrsItrdAplyMthd-selectScrn#00,0.032,kdic-www-sp-kmrs-kmrsItrd-selectScrn#00,0.0315,kdic-www-sp-kmrs-kmrsItrdProc-selectScrn#00,0.0311,(GT청크없음),신청방법 온라인 신청 사이트 : fins.kdic.or.kr (상단 아이콘 클릭 시 사이트 연결) 접속방법 : PC (모바일은
147,yesom,착오송금 반환 신청,인터넷 법인 대표 착오송금 서류,kdic-fins-ir-aplygudn-MsdrprPossDcmntGudn-selectScrn,,0,0,0,0,kdic-www-sp-kmrs-kmrsItrdAplyMthd-selectScrn#00,0.0318,kdic-www-sp-kmrs-kmrsItrdProc-selectScrn#00,0.0318,kdic-www-sp-kmrs-kmrsItrd-selectScrn#00,0.0317,(GT청크없음),신청방법 온라인 신청 사이트 : fins.kdic.or.kr (상단 아이콘 클릭 시 사이트 연결) 접속방법 : PC (모바일은
148,yesom,착오송금 반환 신청,인터넷 법인 직원 착오송금 서류,kdic-fins-ir-aplygudn-MsdrprPossDcmntGudn-selectScrn,,0,0,0,0,kdic-www-sp-kmrs-kmrsItrdProc-selectScrn#00,0.032,kdic-www-sp-kmrs-kmrsItrdAplyMthd-selectScrn#00,0.0318,kdic-www-sp-kmrs-kmrsItrd-selectScrn#00,0.0317,(GT청크없음),"착오송금반환지원 절차 ( 착오송금인-예금보험공사-착오송금 수취인, 중앙행정기관 금융회사등 - 예금보험공사 - 법원 ) 1. 착"
149,yesom,착오송금 반환 신청,인터넷 비법인 대표 착오송금 서류,kdic-fins-ir-aplygudn-MsdrprPossDcmntGudn-selectScrn,,0,0,0,0,kdic-www-sp-kmrs-kmrsItrd-selectScrn#00,0.032,kdic-www-sp-kmrs-kmrsItrdAplyMthd-selectScrn#00,0.0318,kdic-www-sp-kmrs-kmrsItrdProc-selectScrn#00,0.0311,(GT청크없음),제도 소개 안내영상 영상내용입니다. 제도 소개 안내영상입니다. 잘못 보낸 돈 되찾기 서비스란 착오송금인이 실수로 잘못 보낸 돈
150,yesom,착오송금 반환 신청,인터넷 비법인 직원 착오송금 서류,kdic-fins-ir-aplygudn-MsdrprPossDcmntGudn-selectScrn,,0,0,0,0,kdic-www-sp-kmrs-kmrsItrdAplyMthd-selectScrn#00,0.0318,kdic-www-sp-kmrs-kmrsItrdProc-selectScrn#00,0.0318,kdic-www-sp-kmrs-kmrsItrd-selectScrn#00,0.0317,(GT청크없음),신청방법 온라인 신청 사이트 : fins.kdic.or.kr (상단 아이콘 클릭 시 사이트 연결) 접속방법 : PC (모바일은
